<?xml version="1.0" encoding="UTF-8"?><gpx creator="Wikiloc - http://www.wikiloc.com" version="1.1" xmlns="http://www.topografix.com/GPX/1/1" xmlns:xsi="http://www.w3.org/2001/XMLSchema-instance" xsi:schemaLocation="http://www.topografix.com/GPX/1/1 http://www.topografix.com/GPX/1/1/gpx.xsd"><metadata><name><![CDATA[Cerro Ventana, Córdoba, los Hornillos]]></name><author><name><![CDATA[SANTINO CASABONNE]]></name><link href="https://www.wikiloc.com/wikiloc/user.do?id=10932327"><text><![CDATA[SANTINO CASABONNE on Wikiloc]]></text></link></author><link href="https://www.wikiloc.com/wikiloc/view.do?id=209957829"><text><![CDATA[Cerro Ventana, Córdoba, los Hornillos on Wikiloc]]></text></link><time>2025-04-19T15:57:30Z</time></metadata><wpt lat="-31.900792" lon="-64.97784"><ele>1097.0</ele><name><![CDATA[Estacionamiento Cerro Ventana]]></name><cmt><![CDATA[Estacionamiento Cerro Ventana]]></cmt></wpt><wpt lat="-31.902795" lon="-64.970093"><ele>1193.0</ele><name><![CDATA[Virgencita y una pequeña cascadita]]></name><cmt><![CDATA[Virgencita y una pequeña cascadita]]></cmt></wpt><wpt lat="-31.903145" lon="-64.969508"><ele>1192.0</ele><name><![CDATA[2 cruce de Arroyo]]></name><cmt><![CDATA[2 cruce de Arroyo]]></cmt></wpt><wpt lat="-31.903165" lon="-64.969055"><ele>1188.0</ele><name><![CDATA[División entre piedra encajada y la Ventana]]></name><cmt><![CDATA[División entre piedra encajada y la Ventana]]></cmt></wpt><wpt lat="-31.90376" lon="-64.967782"><ele>1201.0</ele><name><![CDATA[Piedra Encajada]]></name><cmt><![CDATA[Piedra Encajada]]></cmt></wpt><wpt lat="-31.904238" lon="-64.954118"><ele>1482.0</ele><name><![CDATA[Refugio Abandonado]]></name><cmt><![CDATA[Refugio Abandonado]]></cmt></wpt><wpt lat="-31.900857" lon="-64.950298"><ele>1565.0</ele><name><![CDATA[Refugio Rablones]]></name><cmt><![CDATA[Refugio Rablones]]></cmt></wpt><wpt lat="-31.901178" lon="-64.939953"><ele>1805.0</ele><name><![CDATA[Vista hermosa]]></name><cmt><![CDATA[Vista hermosa]]></cmt></wpt><wpt lat="-31.90233" lon="-64.937407"><ele>1812.0</ele><name><![CDATA[Arroyo de agua potable]]></name><cmt><![CDATA[Arroyo de agua potable]]></cmt></wpt><wpt lat="-31.90605" lon="-64.93399"><ele>1937.0</ele><name><![CDATA[Bosque de Tabaquillos]]></name><cmt><![CDATA[Bosque de Tabaquillos]]></cmt></wpt><wpt lat="-31.906488" lon="-64.932723"><ele>1964.0</ele><name><![CDATA[Vistas impresionantes]]></name><cmt><![CDATA[Vistas impresionantes]]></cmt></wpt><wpt lat="-31.903823" lon="-64.92913"><ele>2164.0</ele><name><![CDATA[Vistas hermosas y subida exigente]]></name><cmt><![CDATA[Vistas hermosas y subida exigente]]></cmt></wpt><wpt lat="-31.90109" lon="-64.926262"><ele>2309.0</ele><name><![CDATA[Cumbre Cerro Ventana]]></name><cmt><![CDATA[Cumbre Cerro Ventana]]></cmt></wpt><trk><name><![CDATA[Cerro Ventana, Córdoba, los Hornillos]]></name><cmt><![CDATA[El Cerro Ventana es una montaña muy hermosa por todos sus waypoints que hay por ejemplo la Piedra Encajada, Bosque de Tabaquillos, sus vistas, su Flora y Fauna, etc. El primer waypoint es la Piedra Encajada desviandote 5 minutos del camino y vale totalmente la pena porque es muy hermoso y porque también está en un Arroyo hermoso y grande, también es muy hermosos los refugios que hay en el camino, su Flora y Fauna porque hay de todo hay cabritos, caballos, vacas, etc. El cerro tiene dificultad alta por lo largo, empinado, rocoso y duro. Se requiere mucho físico porque es cansador más que nada la parte que es más difícil es de el Bosque de Tabaquillos a la cumbre.

Hay agua apta para el consumo humano en el principio pero hay que cargar mucho porque después hay un tramo largo sin agua, el agua está ubicado 50 minutos arribas del Refugio Rablones. 
Es recomendable por la hermosa Ventana que hay en su cima, es una montaña exigente que de ida y vuelta son 17,25 km pero vale totalmente la pena !]]></cmt><desc><![CDATA[El Cerro Ventana es una montaña muy hermosa por todos sus waypoints que hay por ejemplo la Piedra Encajada, Bosque de Tabaquillos, sus vistas, su Flora y Fauna, etc. El primer waypoint es la Piedra Encajada desviandote 5 minutos del camino y vale totalmente la pena porque es muy hermoso y porque también está en un Arroyo hermoso y grande, también es muy hermosos los refugios que hay en el camino, su Flora y Fauna porque hay de todo hay cabritos, caballos, vacas, etc. El cerro tiene dificultad alta por lo largo, empinado, rocoso y duro. Se requiere mucho físico porque es cansador más que nada la parte que es más difícil es de el Bosque de Tabaquillos a la cumbre.

Hay agua apta para el consumo humano en el principio pero hay que cargar mucho porque después hay un tramo largo sin agua, el agua está ubicado 50 minutos arribas del Refugio Rablones. 
Es recomendable por la hermosa Ventana que hay en su cima, es una montaña exigente que de ida y vuelta son 17,25 km pero vale totalmente la pena !]]></desc><trkseg><trkpt lat="-31.900782999999997" lon="-64.977914"><ele>1097.274</ele><time>2025-04-19T15:57:30Z</time></trkpt><trkpt lat="-31.900834999999997" lon="-64.977822"><ele>1096.656</ele><time>2025-04-19T15:57:34Z</time></trkpt><trkpt lat="-31.900791999999996" lon="-64.97784"><ele>1097.221</ele><time>2025-04-19T15:57:57Z</time></trkpt><trkpt lat="-31.900806999999997" lon="-64.977778"><ele>1097.009</ele><time>2025-04-19T15:58:19Z</time></trkpt><trkpt lat="-31.900813999999997" lon="-64.977725"><ele>1097.039</ele><time>2025-04-19T15:58:22Z</time></trkpt><trkpt lat="-31.900798999999996" lon="-64.977675"><ele>1097.347</ele><time>2025-04-19T15:58:28Z</time></trkpt><trkpt lat="-31.900790999999995" lon="-64.97773000000001"><ele>1097.366</ele><time>2025-04-19T15:59:10Z</time></trkpt><trkpt lat="-31.900782999999993" lon="-64.977783"><ele>1097.386</ele><time>2025-04-19T15:59:16Z</time></trkpt><trkpt lat="-31.900762999999994" lon="-64.977835"><ele>1097.682</ele><time>2025-04-19T15:59:22Z</time></trkpt><trkpt lat="-31.900809999999993" lon="-64.977813"><ele>1096.974</ele><time>2025-04-19T16:00:04Z</time></trkpt><trkpt lat="-31.900812999999992" lon="-64.977755"><ele>1097.075</ele><time>2025-04-19T16:00:09Z</time></trkpt><trkpt lat="-31.900799999999993" lon="-64.977693"><ele>1097.279</ele><time>2025-04-19T16:00:16Z</time></trkpt><trkpt lat="-31.900784999999992" lon="-64.97763"><ele>1097.516</ele><time>2025-04-19T16:00:19Z</time></trkpt><trkpt lat="-31.900767999999992" lon="-64.97758"><ele>1097.854</ele><time>2025-04-19T16:00:21Z</time></trkpt><trkpt lat="-31.900757999999993" lon="-64.977513"><ele>1098.056</ele><time>2025-04-19T16:00:25Z</time></trkpt><trkpt lat="-31.900740999999993" lon="-64.977456"><ele>1098.611</ele><time>2025-04-19T16:00:29Z</time></trkpt><trkpt lat="-31.900713999999994" lon="-64.977406"><ele>1099.409</ele><time>2025-04-19T16:00:37Z</time></trkpt><trkpt lat="-31.900691999999992" lon="-64.977338"><ele>1100.357</ele><time>2025-04-19T16:00:42Z</time></trkpt><trkpt lat="-31.90067399999999" lon="-64.977286"><ele>1100.995</ele><time>2025-04-19T16:00:46Z</time></trkpt><trkpt lat="-31.900660999999992" lon="-64.97723300000001"><ele>1101.544</ele><time>2025-04-19T16:00:50Z</time></trkpt><trkpt lat="-31.90064299999999" lon="-64.97718300000001"><ele>1102.184</ele><time>2025-04-19T16:00:55Z</time></trkpt><trkpt lat="-31.90062799999999" lon="-64.97712500000002"><ele>1102.890</ele><time>2025-04-19T16:00:59Z</time></trkpt><trkpt lat="-31.90064499999999" lon="-64.97707000000001"><ele>1103.022</ele><time>2025-04-19T16:01:03Z</time></trkpt><trkpt lat="-31.90066199999999" lon="-64.97701"><ele>1103.493</ele><time>2025-04-19T16:01:08Z</time></trkpt><trkpt lat="-31.90068699999999" lon="-64.97695200000001"><ele>1103.617</ele><time>2025-04-19T16:01:12Z</time></trkpt><trkpt lat="-31.90071899999999" lon="-64.97689000000001"><ele>1103.994</ele><time>2025-04-19T16:01:16Z</time></trkpt><trkpt lat="-31.90074599999999" lon="-64.97683500000001"><ele>1104.127</ele><time>2025-04-19T16:01:20Z</time></trkpt><trkpt lat="-31.900767999999992" lon="-64.97677200000001"><ele>1104.568</ele><time>2025-04-19T16:01:24Z</time></trkpt><trkpt lat="-31.900785999999993" lon="-64.97672200000001"><ele>1104.814</ele><time>2025-04-19T16:01:28Z</time></trkpt><trkpt lat="-31.900793999999994" lon="-64.97666900000002"><ele>1105.309</ele><time>2025-04-19T16:01:32Z</time></trkpt><trkpt lat="-31.900800999999994" lon="-64.97661100000002"><ele>1105.774</ele><time>2025-04-19T16:01:37Z</time></trkpt><trkpt lat="-31.900812999999996" lon="-64.97655100000001"><ele>1106.182</ele><time>2025-04-19T16:01:45Z</time></trkpt><trkpt lat="-31.900829999999996" lon="-64.97648900000002"><ele>1106.571</ele><time>2025-04-19T16:01:50Z</time></trkpt><trkpt lat="-31.900849999999995" lon="-64.97643700000002"><ele>1106.971</ele><time>2025-04-19T16:01:56Z</time></trkpt><trkpt lat="-31.900862999999994" lon="-64.97638000000002"><ele>1107.447</ele><time>2025-04-19T16:02:00Z</time></trkpt><trkpt lat="-31.900875999999993" lon="-64.97632800000002"><ele>1107.899</ele><time>2025-04-19T16:02:04Z</time></trkpt><trkpt lat="-31.900905999999992" lon="-64.97628000000002"><ele>1108.280</ele><time>2025-04-19T16:02:09Z</time></trkpt><trkpt lat="-31.90092599999999" lon="-64.97623000000002"><ele>1108.694</ele><time>2025-04-19T16:02:13Z</time></trkpt><trkpt lat="-31.90095299999999" lon="-64.97618200000001"><ele>1109.061</ele><time>2025-04-19T16:02:18Z</time></trkpt><trkpt lat="-31.90097099999999" lon="-64.976127"><ele>1109.543</ele><time>2025-04-19T16:02:25Z</time></trkpt><trkpt lat="-31.90097299999999" lon="-64.97607"><ele>1110.064</ele><time>2025-04-19T16:02:31Z</time></trkpt><trkpt lat="-31.90097299999999" lon="-64.97601300000001"><ele>1110.510</ele><time>2025-04-19T16:02:38Z</time></trkpt><trkpt lat="-31.90097999999999" lon="-64.975953"><ele>1111.009</ele><time>2025-04-19T16:02:44Z</time></trkpt><trkpt lat="-31.90098199999999" lon="-64.975893"><ele>1111.546</ele><time>2025-04-19T16:02:50Z</time></trkpt><trkpt lat="-31.90100699999999" lon="-64.97584499999999"><ele>1111.974</ele><time>2025-04-19T16:02:56Z</time></trkpt><trkpt lat="-31.901039999999988" lon="-64.97580699999999"><ele>1112.423</ele><time>2025-04-19T16:03:00Z</time></trkpt><trkpt lat="-31.901059999999987" lon="-64.975749"><ele>1113.263</ele><time>2025-04-19T16:03:05Z</time></trkpt><trkpt lat="-31.90106499999999" lon="-64.975696"><ele>1113.919</ele><time>2025-04-19T16:03:11Z</time></trkpt><trkpt lat="-31.901091999999988" lon="-64.975651"><ele>1114.691</ele><time>2025-04-19T16:03:17Z</time></trkpt><trkpt lat="-31.90110999999999" lon="-64.975594"><ele>1115.532</ele><time>2025-04-19T16:03:23Z</time></trkpt><trkpt lat="-31.90113499999999" lon="-64.975541"><ele>1116.566</ele><time>2025-04-19T16:03:29Z</time></trkpt><trkpt lat="-31.90115299999999" lon="-64.97547800000001"><ele>1117.553</ele><time>2025-04-19T16:03:35Z</time></trkpt><trkpt lat="-31.90117299999999" lon="-64.97543"><ele>1118.469</ele><time>2025-04-19T16:03:40Z</time></trkpt><trkpt lat="-31.90119999999999" lon="-64.97538300000001"><ele>1119.404</ele><time>2025-04-19T16:03:47Z</time></trkpt><trkpt lat="-31.90123199999999" lon="-64.97534100000001"><ele>1120.424</ele><time>2025-04-19T16:03:53Z</time></trkpt><trkpt lat="-31.90124899999999" lon="-64.97528900000002"><ele>1121.509</ele><time>2025-04-19T16:04:01Z</time></trkpt><trkpt lat="-31.901236999999988" lon="-64.97523200000002"><ele>1122.388</ele><time>2025-04-19T16:04:09Z</time></trkpt><trkpt lat="-31.901253999999987" lon="-64.97516500000002"><ele>1123.756</ele><time>2025-04-19T16:04:21Z</time></trkpt><trkpt lat="-31.90130399999999" lon="-64.97509500000002"><ele>1125.635</ele><time>2025-04-19T16:04:39Z</time></trkpt><trkpt lat="-31.90129699999999" lon="-64.97504200000003"><ele>1126.525</ele><time>2025-04-19T16:04:56Z</time></trkpt><trkpt lat="-31.901333999999988" lon="-64.97500400000003"><ele>1127.771</ele><time>2025-04-19T16:05:07Z</time></trkpt><trkpt lat="-31.901328999999986" lon="-64.97494900000002"><ele>1128.773</ele><time>2025-04-19T16:05:21Z</time></trkpt><trkpt lat="-31.901370999999987" lon="-64.97490900000003"><ele>1130.234</ele><time>2025-04-19T16:05:28Z</time></trkpt><trkpt lat="-31.901423999999988" lon="-64.97489700000003"><ele>1131.348</ele><time>2025-04-19T16:05:34Z</time></trkpt><trkpt lat="-31.90146599999999" lon="-64.97486500000002"><ele>1132.725</ele><time>2025-04-19T16:05:40Z</time></trkpt><trkpt lat="-31.90151599999999" lon="-64.97487000000002"><ele>1133.489</ele><time>2025-04-19T16:05:49Z</time></trkpt><trkpt lat="-31.90156099999999" lon="-64.97487800000002"><ele>1134.006</ele><time>2025-04-19T16:05:58Z</time></trkpt><trkpt lat="-31.90159099999999" lon="-64.97481300000001"><ele>1136.026</ele><time>2025-04-19T16:06:20Z</time></trkpt><trkpt lat="-31.90159799999999" lon="-64.97476000000002"><ele>1137.309</ele><time>2025-04-19T16:06:27Z</time></trkpt><trkpt lat="-31.90160299999999" lon="-64.97470500000001"><ele>1138.680</ele><time>2025-04-19T16:06:35Z</time></trkpt><trkpt lat="-31.90157799999999" lon="-64.97463000000002"><ele>1139.878</ele><time>2025-04-19T16:06:51Z</time></trkpt><trkpt lat="-31.90155099999999" lon="-64.97458000000002"><ele>1140.427</ele><time>2025-04-19T16:06:58Z</time></trkpt><trkpt lat="-31.901510999999992" lon="-64.97454500000002"><ele>1140.387</ele><time>2025-04-19T16:07:05Z</time></trkpt><trkpt lat="-31.90148899999999" lon="-64.97449200000003"><ele>1141.023</ele><time>2025-04-19T16:07:12Z</time></trkpt><trkpt lat="-31.90147599999999" lon="-64.97443400000003"><ele>1142.095</ele><time>2025-04-19T16:07:20Z</time></trkpt><trkpt lat="-31.901462999999993" lon="-64.97437600000003"><ele>1143.016</ele><time>2025-04-19T16:07:28Z</time></trkpt><trkpt lat="-31.901435999999993" lon="-64.97432900000004"><ele>1143.410</ele><time>2025-04-19T16:07:32Z</time></trkpt><trkpt lat="-31.901410999999992" lon="-64.97428200000004"><ele>1143.867</ele><time>2025-04-19T16:07:37Z</time></trkpt><trkpt lat="-31.901383999999993" lon="-64.97423200000004"><ele>1144.272</ele><time>2025-04-19T16:07:41Z</time></trkpt><trkpt lat="-31.901351999999992" lon="-64.97418500000005"><ele>1144.513</ele><time>2025-04-19T16:07:47Z</time></trkpt><trkpt lat="-31.901324999999993" lon="-64.97413800000005"><ele>1144.614</ele><time>2025-04-19T16:07:54Z</time></trkpt><trkpt lat="-31.901422999999994" lon="-64.97409000000005"><ele>1147.409</ele><time>2025-04-19T16:08:17Z</time></trkpt><trkpt lat="-31.901430999999995" lon="-64.97400800000004"><ele>1148.649</ele><time>2025-04-19T16:11:05Z</time></trkpt><trkpt lat="-31.901493999999996" lon="-64.97395000000004"><ele>1150.947</ele><time>2025-04-19T16:12:28Z</time></trkpt><trkpt lat="-31.901511999999997" lon="-64.97390000000004"><ele>1152.036</ele><time>2025-04-19T16:12:33Z</time></trkpt><trkpt lat="-31.901514999999996" lon="-64.97383800000004"><ele>1152.976</ele><time>2025-04-19T16:12:39Z</time></trkpt><trkpt lat="-31.901519999999998" lon="-64.97378300000004"><ele>1153.822</ele><time>2025-04-19T16:12:43Z</time></trkpt><trkpt lat="-31.901514999999996" lon="-64.97372500000004"><ele>1154.464</ele><time>2025-04-19T16:12:51Z</time></trkpt><trkpt lat="-31.901507999999996" lon="-64.97366700000005"><ele>1155.075</ele><time>2025-04-19T16:12:57Z</time></trkpt><trkpt lat="-31.901485999999995" lon="-64.97361700000005"><ele>1155.149</ele><time>2025-04-19T16:13:04Z</time></trkpt><trkpt lat="-31.901483999999996" lon="-64.97355900000005"><ele>1155.876</ele><time>2025-04-19T16:13:09Z</time></trkpt><trkpt lat="-31.901493999999996" lon="-64.97350200000005"><ele>1156.885</ele><time>2025-04-19T16:13:20Z</time></trkpt><trkpt lat="-31.901528999999996" lon="-64.97346200000005"><ele>1158.389</ele><time>2025-04-19T16:13:25Z</time></trkpt><trkpt lat="-31.901578999999998" lon="-64.97343400000005"><ele>1160.117</ele><time>2025-04-19T16:13:30Z</time></trkpt><trkpt lat="-31.901601" lon="-64.97338200000006"><ele>1161.409</ele><time>2025-04-19T16:13:35Z</time></trkpt><trkpt lat="-31.901623" lon="-64.97333400000005"><ele>1162.720</ele><time>2025-04-19T16:13:41Z</time></trkpt><trkpt lat="-31.901661" lon="-64.97330400000006"><ele>1164.068</ele><time>2025-04-19T16:13:46Z</time></trkpt><trkpt lat="-31.901693" lon="-64.97325600000005"><ele>1165.227</ele><time>2025-04-19T16:13:52Z</time></trkpt><trkpt lat="-31.901701000000003" lon="-64.97316400000005"><ele>1165.987</ele><time>2025-04-19T16:14:24Z</time></trkpt><trkpt lat="-31.901724" lon="-64.97310900000005"><ele>1166.943</ele><time>2025-04-19T16:14:29Z</time></trkpt><trkpt lat="-31.901737" lon="-64.97304900000005"><ele>1167.765</ele><time>2025-04-19T16:14:38Z</time></trkpt><trkpt lat="-31.901772" lon="-64.97300400000005"><ele>1169.166</ele><time>2025-04-19T16:14:44Z</time></trkpt><trkpt lat="-31.901777000000003" lon="-64.97293900000004"><ele>1169.760</ele><time>2025-04-19T16:14:49Z</time></trkpt><trkpt lat="-31.901780000000002" lon="-64.97288400000004"><ele>1170.167</ele><time>2025-04-19T16:14:55Z</time></trkpt><trkpt lat="-31.9018" lon="-64.97282700000004"><ele>1171.221</ele><time>2025-04-19T16:15:03Z</time></trkpt><trkpt lat="-31.90182" lon="-64.97277700000004"><ele>1172.341</ele><time>2025-04-19T16:15:08Z</time></trkpt><trkpt lat="-31.90184" lon="-64.97272700000003"><ele>1173.305</ele><time>2025-04-19T16:15:12Z</time></trkpt><trkpt lat="-31.901845" lon="-64.97267200000003"><ele>1173.909</ele><time>2025-04-19T16:15:18Z</time></trkpt><trkpt lat="-31.901857000000003" lon="-64.97261500000003"><ele>1174.794</ele><time>2025-04-19T16:15:25Z</time></trkpt><trkpt lat="-31.901842000000002" lon="-64.97256500000003"><ele>1174.512</ele><time>2025-04-19T16:15:30Z</time></trkpt><trkpt lat="-31.901824" lon="-64.97251500000003"><ele>1174.161</ele><time>2025-04-19T16:15:37Z</time></trkpt><trkpt lat="-31.901832000000002" lon="-64.97246200000004"><ele>1174.511</ele><time>2025-04-19T16:15:43Z</time></trkpt><trkpt lat="-31.901830000000004" lon="-64.97240900000004"><ele>1174.227</ele><time>2025-04-19T16:15:50Z</time></trkpt><trkpt lat="-31.901832000000002" lon="-64.97235600000005"><ele>1174.289</ele><time>2025-04-19T16:15:58Z</time></trkpt><trkpt lat="-31.901854000000004" lon="-64.97230900000005"><ele>1175.050</ele><time>2025-04-19T16:16:06Z</time></trkpt><trkpt lat="-31.901862000000005" lon="-64.97225400000005"><ele>1175.234</ele><time>2025-04-19T16:16:15Z</time></trkpt><trkpt lat="-31.901872000000004" lon="-64.97219700000005"><ele>1175.671</ele><time>2025-04-19T16:16:22Z</time></trkpt><trkpt lat="-31.901884000000006" lon="-64.97214000000005"><ele>1176.026</ele><time>2025-04-19T16:16:30Z</time></trkpt><trkpt lat="-31.901909000000007" lon="-64.97208700000006"><ele>1177.147</ele><time>2025-04-19T16:16:37Z</time></trkpt><trkpt lat="-31.901901000000006" lon="-64.97203000000006"><ele>1176.611</ele><time>2025-04-19T16:16:44Z</time></trkpt><trkpt lat="-31.901891000000006" lon="-64.97197200000006"><ele>1176.109</ele><time>2025-04-19T16:16:51Z</time></trkpt><trkpt lat="-31.901869000000005" lon="-64.97191700000006"><ele>1174.934</ele><time>2025-04-19T16:16:57Z</time></trkpt><trkpt lat="-31.901864000000003" lon="-64.97185400000006"><ele>1174.562</ele><time>2025-04-19T16:17:05Z</time></trkpt><trkpt lat="-31.901847000000004" lon="-64.97179900000006"><ele>1173.611</ele><time>2025-04-19T16:17:12Z</time></trkpt><trkpt lat="-31.901857000000003" lon="-64.97174100000007"><ele>1174.091</ele><time>2025-04-19T16:17:18Z</time></trkpt><trkpt lat="-31.901857000000003" lon="-64.97168300000007"><ele>1173.957</ele><time>2025-04-19T16:17:23Z</time></trkpt><trkpt lat="-31.901872000000004" lon="-64.97163300000007"><ele>1174.539</ele><time>2025-04-19T16:17:28Z</time></trkpt><trkpt lat="-31.901872000000004" lon="-64.97158000000007"><ele>1174.450</ele><time>2025-04-19T16:17:35Z</time></trkpt><trkpt lat="-31.901865000000004" lon="-64.97163800000007"><ele>1174.224</ele><time>2025-04-19T16:17:55Z</time></trkpt><trkpt lat="-31.901867000000003" lon="-64.97169600000007"><ele>1174.471</ele><time>2025-04-19T16:18:00Z</time></trkpt><trkpt lat="-31.901867000000003" lon="-64.97163600000006"><ele>1174.345</ele><time>2025-04-19T16:18:15Z</time></trkpt><trkpt lat="-31.901877000000002" lon="-64.97157300000006"><ele>1174.747</ele><time>2025-04-19T16:18:20Z</time></trkpt><trkpt lat="-31.901874000000003" lon="-64.97151600000007"><ele>1174.411</ele><time>2025-04-19T16:19:44Z</time></trkpt><trkpt lat="-31.901901000000002" lon="-64.97146600000006"><ele>1175.609</ele><time>2025-04-19T16:19:52Z</time></trkpt><trkpt lat="-31.901939000000002" lon="-64.97143300000006"><ele>1177.576</ele><time>2025-04-19T16:20:00Z</time></trkpt><trkpt lat="-31.901962" lon="-64.97138300000006"><ele>1178.564</ele><time>2025-04-19T16:20:09Z</time></trkpt><trkpt lat="-31.901994000000002" lon="-64.97134300000006"><ele>1180.083</ele><time>2025-04-19T16:20:16Z</time></trkpt><trkpt lat="-31.902031" lon="-64.97130100000007"><ele>1181.833</ele><time>2025-04-19T16:20:22Z</time></trkpt><trkpt lat="-31.902059" lon="-64.97125900000007"><ele>1183.169</ele><time>2025-04-19T16:20:27Z</time></trkpt><trkpt lat="-31.902097" lon="-64.97122100000007"><ele>1184.851</ele><time>2025-04-19T16:20:34Z</time></trkpt><trkpt lat="-31.902134" lon="-64.97118900000007"><ele>1186.652</ele><time>2025-04-19T16:20:40Z</time></trkpt><trkpt lat="-31.902162" lon="-64.97114100000006"><ele>1187.816</ele><time>2025-04-19T16:20:46Z</time></trkpt><trkpt lat="-31.902195" lon="-64.97110400000005"><ele>1189.353</ele><time>2025-04-19T16:20:51Z</time></trkpt><trkpt lat="-31.902245" lon="-64.97110400000005"><ele>1191.896</ele><time>2025-04-19T16:20:57Z</time></trkpt><trkpt lat="-31.902292" lon="-64.97111100000005"><ele>1194.131</ele><time>2025-04-19T16:21:04Z</time></trkpt><trkpt lat="-31.902335" lon="-64.97108800000005"><ele>1196.124</ele><time>2025-04-19T16:21:10Z</time></trkpt><trkpt lat="-31.902367" lon="-64.97104300000005"><ele>1197.509</ele><time>2025-04-19T16:21:16Z</time></trkpt><trkpt lat="-31.902402000000002" lon="-64.97100500000005"><ele>1199.091</ele><time>2025-04-19T16:21:23Z</time></trkpt><trkpt lat="-31.902425" lon="-64.97095800000005"><ele>1200.059</ele><time>2025-04-19T16:21:29Z</time></trkpt><trkpt lat="-31.902468000000002" lon="-64.97093000000005"><ele>1201.948</ele><time>2025-04-19T16:21:36Z</time></trkpt><trkpt lat="-31.902515" lon="-64.97091700000006"><ele>1203.938</ele><time>2025-04-19T16:21:47Z</time></trkpt><trkpt lat="-31.902540000000002" lon="-64.97087000000006"><ele>1204.414</ele><time>2025-04-19T16:21:54Z</time></trkpt><trkpt lat="-31.90257" lon="-64.97082700000006"><ele>1204.946</ele><time>2025-04-19T16:21:59Z</time></trkpt><trkpt lat="-31.902593" lon="-64.97077400000006"><ele>1204.357</ele><time>2025-04-19T16:22:05Z</time></trkpt><trkpt lat="-31.902625" lon="-64.97073400000006"><ele>1204.311</ele><time>2025-04-19T16:22:14Z</time></trkpt><trkpt lat="-31.902648" lon="-64.97068700000007"><ele>1203.848</ele><time>2025-04-19T16:22:20Z</time></trkpt><trkpt lat="-31.902673" lon="-64.97063400000008"><ele>1203.337</ele><time>2025-04-19T16:22:24Z</time></trkpt><trkpt lat="-31.902695" lon="-64.97057900000007"><ele>1202.549</ele><time>2025-04-19T16:22:29Z</time></trkpt><trkpt lat="-31.902720000000002" lon="-64.97053200000008"><ele>1202.113</ele><time>2025-04-19T16:22:35Z</time></trkpt><trkpt lat="-31.902737000000002" lon="-64.97045700000008"><ele>1200.709</ele><time>2025-04-19T16:22:43Z</time></trkpt><trkpt lat="-31.902734000000002" lon="-64.97039700000008"><ele>1199.185</ele><time>2025-04-19T16:22:48Z</time></trkpt><trkpt lat="-31.902734000000002" lon="-64.97034400000008"><ele>1197.833</ele><time>2025-04-19T16:22:54Z</time></trkpt><trkpt lat="-31.902732000000004" lon="-64.97029100000009"><ele>1196.482</ele><time>2025-04-19T16:23:01Z</time></trkpt><trkpt lat="-31.902759000000003" lon="-64.97024100000009"><ele>1195.992</ele><time>2025-04-19T16:23:09Z</time></trkpt><trkpt lat="-31.902789000000002" lon="-64.97019800000008"><ele>1195.668</ele><time>2025-04-19T16:23:14Z</time></trkpt><trkpt lat="-31.902814000000003" lon="-64.97015000000007"><ele>1195.170</ele><time>2025-04-19T16:23:20Z</time></trkpt><trkpt lat="-31.902791000000004" lon="-64.97010200000007"><ele>1193.331</ele><time>2025-04-19T16:23:27Z</time></trkpt><trkpt lat="-31.902803000000006" lon="-64.97015500000006"><ele>1194.925</ele><time>2025-04-19T16:24:58Z</time></trkpt><trkpt lat="-31.902796000000006" lon="-64.97009700000007"><ele>1193.372</ele><time>2025-04-19T16:26:18Z</time></trkpt><trkpt lat="-31.902816000000005" lon="-64.97015200000007"><ele>1195.232</ele><time>2025-04-19T16:29:11Z</time></trkpt><trkpt lat="-31.902863000000004" lon="-64.97013400000007"><ele>1196.092</ele><time>2025-04-19T16:29:21Z</time></trkpt><trkpt lat="-31.902908000000004" lon="-64.97009700000007"><ele>1196.311</ele><time>2025-04-19T16:29:26Z</time></trkpt><trkpt lat="-31.902933000000004" lon="-64.97005000000007"><ele>1195.709</ele><time>2025-04-19T16:29:30Z</time></trkpt><trkpt lat="-31.902943000000004" lon="-64.96999800000007"><ele>1194.765</ele><time>2025-04-19T16:29:34Z</time></trkpt><trkpt lat="-31.902943000000004" lon="-64.96994100000008"><ele>1193.913</ele><time>2025-04-19T16:29:37Z</time></trkpt><trkpt lat="-31.902953000000004" lon="-64.96988800000008"><ele>1193.592</ele><time>2025-04-19T16:29:40Z</time></trkpt><trkpt lat="-31.902988000000004" lon="-64.96984600000009"><ele>1193.822</ele><time>2025-04-19T16:29:45Z</time></trkpt><trkpt lat="-31.903031000000006" lon="-64.96981300000009"><ele>1194.448</ele><time>2025-04-19T16:29:50Z</time></trkpt><trkpt lat="-31.903054000000004" lon="-64.96976500000008"><ele>1194.290</ele><time>2025-04-19T16:29:54Z</time></trkpt><trkpt lat="-31.903064000000004" lon="-64.96970700000008"><ele>1193.611</ele><time>2025-04-19T16:29:59Z</time></trkpt><trkpt lat="-31.903074000000004" lon="-64.96965500000009"><ele>1193.145</ele><time>2025-04-19T16:30:07Z</time></trkpt><trkpt lat="-31.903102000000004" lon="-64.9696080000001"><ele>1193.032</ele><time>2025-04-19T16:30:14Z</time></trkpt><trkpt lat="-31.903119000000004" lon="-64.96955800000009"><ele>1192.634</ele><time>2025-04-19T16:30:20Z</time></trkpt><trkpt lat="-31.903146000000003" lon="-64.9695110000001"><ele>1192.455</ele><time>2025-04-19T16:30:26Z</time></trkpt><trkpt lat="-31.903131000000002" lon="-64.9694580000001"><ele>1191.310</ele><time>2025-04-19T16:31:14Z</time></trkpt><trkpt lat="-31.903138000000002" lon="-64.9692930000001"><ele>1188.909</ele><time>2025-04-19T16:31:41Z</time></trkpt><trkpt lat="-31.903176000000002" lon="-64.96923100000011"><ele>1188.645</ele><time>2025-04-19T16:32:01Z</time></trkpt><trkpt lat="-31.903173000000002" lon="-64.96916900000011"><ele>1187.543</ele><time>2025-04-19T16:32:07Z</time></trkpt><trkpt lat="-31.903153000000003" lon="-64.96911600000011"><ele>1187.312</ele><time>2025-04-19T16:32:18Z</time></trkpt><trkpt lat="-31.903166000000002" lon="-64.96905800000012"><ele>1187.612</ele><time>2025-04-19T16:32:25Z</time></trkpt><trkpt lat="-31.903203" lon="-64.96901800000012"><ele>1188.118</ele><time>2025-04-19T16:32:32Z</time></trkpt><trkpt lat="-31.903241" lon="-64.96898500000012"><ele>1188.640</ele><time>2025-04-19T16:32:41Z</time></trkpt><trkpt lat="-31.903246000000003" lon="-64.96893000000011"><ele>1188.711</ele><time>2025-04-19T16:33:01Z</time></trkpt><trkpt lat="-31.903238" lon="-64.96887700000012"><ele>1188.685</ele><time>2025-04-19T16:33:09Z</time></trkpt><trkpt lat="-31.903248" lon="-64.96878000000012"><ele>1188.842</ele><time>2025-04-19T16:33:31Z</time></trkpt><trkpt lat="-31.903285" lon="-64.96882000000012"><ele>1189.144</ele><time>2025-04-19T16:33:56Z</time></trkpt><trkpt lat="-31.903332" lon="-64.96884200000012"><ele>1189.605</ele><time>2025-04-19T16:34:02Z</time></trkpt><trkpt lat="-31.903349" lon="-64.96891900000013"><ele>1190.215</ele><time>2025-04-19T16:34:56Z</time></trkpt><trkpt lat="-31.903381" lon="-64.96881700000013"><ele>1191.109</ele><time>2025-04-19T16:35:11Z</time></trkpt><trkpt lat="-31.903291" lon="-64.96879400000013"><ele>1189.226</ele><time>2025-04-19T16:35:45Z</time></trkpt><trkpt lat="-31.903285999999998" lon="-64.96873100000013"><ele>1189.154</ele><time>2025-04-19T16:35:56Z</time></trkpt><trkpt lat="-31.903294" lon="-64.96867100000013"><ele>1189.133</ele><time>2025-04-19T16:36:01Z</time></trkpt><trkpt lat="-31.903285999999998" lon="-64.96861400000013"><ele>1189.173</ele><time>2025-04-19T16:36:12Z</time></trkpt><trkpt lat="-31.903283" lon="-64.96855100000013"><ele>1189.059</ele><time>2025-04-19T16:36:18Z</time></trkpt><trkpt lat="-31.90326" lon="-64.96849800000014"><ele>1188.961</ele><time>2025-04-19T16:36:26Z</time></trkpt><trkpt lat="-31.903253" lon="-64.96844000000014"><ele>1188.992</ele><time>2025-04-19T16:36:35Z</time></trkpt><trkpt lat="-31.903256" lon="-64.96838700000015"><ele>1188.916</ele><time>2025-04-19T16:36:41Z</time></trkpt><trkpt lat="-31.903313999999998" lon="-64.96832000000015"><ele>1189.263</ele><time>2025-04-19T16:37:04Z</time></trkpt><trkpt lat="-31.903381999999997" lon="-64.96823500000015"><ele>1191.262</ele><time>2025-04-19T16:37:24Z</time></trkpt><trkpt lat="-31.903401999999996" lon="-64.96818000000015"><ele>1192.383</ele><time>2025-04-19T16:37:31Z</time></trkpt><trkpt lat="-31.903416999999997" lon="-64.96812300000015"><ele>1193.311</ele><time>2025-04-19T16:37:38Z</time></trkpt><trkpt lat="-31.903442" lon="-64.96807600000015"><ele>1194.209</ele><time>2025-04-19T16:37:48Z</time></trkpt><trkpt lat="-31.903547" lon="-64.96803400000016"><ele>1196.148</ele><time>2025-04-19T16:38:16Z</time></trkpt><trkpt lat="-31.903579" lon="-64.96798700000016"><ele>1197.116</ele><time>2025-04-19T16:38:22Z</time></trkpt><trkpt lat="-31.903584000000002" lon="-64.96793000000017"><ele>1197.745</ele><time>2025-04-19T16:38:29Z</time></trkpt><trkpt lat="-31.903614" lon="-64.96788300000017"><ele>1198.545</ele><time>2025-04-19T16:38:39Z</time></trkpt><trkpt lat="-31.903661" lon="-64.96787800000017"><ele>1199.121</ele><time>2025-04-19T16:38:46Z</time></trkpt><trkpt lat="-31.903678" lon="-64.96775500000017"><ele>1200.443</ele><time>2025-04-19T16:40:22Z</time></trkpt><trkpt lat="-31.903765" lon="-64.96781000000017"><ele>1200.774</ele><time>2025-04-19T16:41:27Z</time></trkpt><trkpt lat="-31.903817" lon="-64.96783700000017"><ele>1201.158</ele><time>2025-04-19T16:45:20Z</time></trkpt><trkpt lat="-31.903869" lon="-64.96783000000018"><ele>1201.625</ele><time>2025-04-19T16:45:25Z</time></trkpt><trkpt lat="-31.903917" lon="-64.96784300000017"><ele>1202.061</ele><time>2025-04-19T16:45:31Z</time></trkpt><trkpt lat="-31.903959" lon="-64.96786500000017"><ele>1202.421</ele><time>2025-04-19T16:45:36Z</time></trkpt><trkpt lat="-31.904006" lon="-64.96787500000018"><ele>1202.813</ele><time>2025-04-19T16:45:41Z</time></trkpt><trkpt lat="-31.904054" lon="-64.96785000000018"><ele>1203.409</ele><time>2025-04-19T16:45:52Z</time></trkpt><trkpt lat="-31.904089" lon="-64.96789000000018"><ele>1203.758</ele><time>2025-04-19T16:46:00Z</time></trkpt><trkpt lat="-31.904128999999998" lon="-64.96791500000018"><ele>1204.196</ele><time>2025-04-19T16:46:08Z</time></trkpt><trkpt lat="-31.904172" lon="-64.96790000000017"><ele>1204.635</ele><time>2025-04-19T16:46:14Z</time></trkpt><trkpt lat="-31.904232" lon="-64.96784200000018"><ele>1205.785</ele><time>2025-04-19T16:46:30Z</time></trkpt><trkpt lat="-31.904144" lon="-64.96790400000017"><ele>1204.351</ele><time>2025-04-19T16:48:42Z</time></trkpt><trkpt lat="-31.904099" lon="-64.96792100000017"><ele>1203.793</ele><time>2025-04-19T16:51:39Z</time></trkpt><trkpt lat="-31.904055999999997" lon="-64.96788400000017"><ele>1203.374</ele><time>2025-04-19T16:51:48Z</time></trkpt><trkpt lat="-31.904016" lon="-64.96785100000017"><ele>1203.068</ele><time>2025-04-19T16:51:58Z</time></trkpt><trkpt lat="-31.903983" lon="-64.96788900000017"><ele>1202.565</ele><time>2025-04-19T16:52:06Z</time></trkpt><trkpt lat="-31.903936" lon="-64.96787200000017"><ele>1202.137</ele><time>2025-04-19T16:52:14Z</time></trkpt><trkpt lat="-31.903888000000002" lon="-64.96786200000017"><ele>1201.649</ele><time>2025-04-19T16:52:19Z</time></trkpt><trkpt lat="-31.903838" lon="-64.96784500000017"><ele>1201.213</ele><time>2025-04-19T16:52:24Z</time></trkpt><trkpt lat="-31.903791000000002" lon="-64.96783800000017"><ele>1200.809</ele><time>2025-04-19T16:52:34Z</time></trkpt><trkpt lat="-31.903761000000003" lon="-64.96773100000017"><ele>1201.365</ele><time>2025-04-19T16:53:11Z</time></trkpt><trkpt lat="-31.903764000000002" lon="-64.96778400000017"><ele>1200.953</ele><time>2025-04-19T16:53:50Z</time></trkpt><trkpt lat="-31.903741000000004" lon="-64.96788900000017"><ele>1199.912</ele><time>2025-04-19T16:58:16Z</time></trkpt><trkpt lat="-31.903699000000003" lon="-64.96784200000018"><ele>1199.882</ele><time>2025-04-19T16:59:04Z</time></trkpt><trkpt lat="-31.903662000000004" lon="-64.96788200000017"><ele>1199.178</ele><time>2025-04-19T16:59:22Z</time></trkpt><trkpt lat="-31.903629000000006" lon="-64.96792700000017"><ele>1198.330</ele><time>2025-04-19T16:59:28Z</time></trkpt><trkpt lat="-31.903587000000005" lon="-64.96795200000017"><ele>1197.581</ele><time>2025-04-19T16:59:35Z</time></trkpt><trkpt lat="-31.903524000000004" lon="-64.96793400000017"><ele>1197.075</ele><time>2025-04-19T16:59:55Z</time></trkpt><trkpt lat="-31.903517000000004" lon="-64.96798900000017"><ele>1196.322</ele><time>2025-04-19T16:59:59Z</time></trkpt><trkpt lat="-31.903510000000004" lon="-64.96806200000017"><ele>1195.358</ele><time>2025-04-19T17:00:05Z</time></trkpt><trkpt lat="-31.903465000000004" lon="-64.96805400000018"><ele>1194.852</ele><time>2025-04-19T17:00:14Z</time></trkpt><trkpt lat="-31.903457000000003" lon="-64.96810700000017"><ele>1194.017</ele><time>2025-04-19T17:00:22Z</time></trkpt><trkpt lat="-31.903410000000004" lon="-64.96808700000017"><ele>1193.609</ele><time>2025-04-19T17:00:59Z</time></trkpt><trkpt lat="-31.903412000000003" lon="-64.96815000000016"><ele>1192.877</ele><time>2025-04-19T17:01:08Z</time></trkpt><trkpt lat="-31.903355" lon="-64.96824700000016"><ele>1190.695</ele><time>2025-04-19T17:01:21Z</time></trkpt><trkpt lat="-31.903307" lon="-64.96826400000016"><ele>1190.024</ele><time>2025-04-19T17:01:32Z</time></trkpt><trkpt lat="-31.903274000000003" lon="-64.96831200000017"><ele>1189.394</ele><time>2025-04-19T17:01:42Z</time></trkpt><trkpt lat="-31.903246000000003" lon="-64.96835700000017"><ele>1188.920</ele><time>2025-04-19T17:01:49Z</time></trkpt><trkpt lat="-31.903218000000003" lon="-64.96840200000017"><ele>1188.852</ele><time>2025-04-19T17:01:55Z</time></trkpt><trkpt lat="-31.903211000000002" lon="-64.96846200000017"><ele>1188.783</ele><time>2025-04-19T17:02:00Z</time></trkpt><trkpt lat="-31.903249000000002" lon="-64.96850500000018"><ele>1188.967</ele><time>2025-04-19T17:02:06Z</time></trkpt><trkpt lat="-31.903272" lon="-64.96855200000017"><ele>1189.034</ele><time>2025-04-19T17:02:11Z</time></trkpt><trkpt lat="-31.903307" lon="-64.96858700000017"><ele>1189.252</ele><time>2025-04-19T17:02:17Z</time></trkpt><trkpt lat="-31.903295" lon="-64.96867900000017"><ele>1189.153</ele><time>2025-04-19T17:02:42Z</time></trkpt><trkpt lat="-31.903325" lon="-64.96872600000016"><ele>1189.408</ele><time>2025-04-19T17:02:57Z</time></trkpt><trkpt lat="-31.903245" lon="-64.96876400000016"><ele>1188.809</ele><time>2025-04-19T17:03:18Z</time></trkpt><trkpt lat="-31.903283" lon="-64.96884400000016"><ele>1189.127</ele><time>2025-04-19T17:04:13Z</time></trkpt><trkpt lat="-31.903266" lon="-64.96890100000016"><ele>1188.925</ele><time>2025-04-19T17:04:20Z</time></trkpt><trkpt lat="-31.903240999999998" lon="-64.96895400000015"><ele>1188.684</ele><time>2025-04-19T17:04:27Z</time></trkpt><trkpt lat="-31.903202999999998" lon="-64.96898200000015"><ele>1188.214</ele><time>2025-04-19T17:04:34Z</time></trkpt><trkpt lat="-31.903118" lon="-64.96896700000015"><ele>1187.140</ele><time>2025-04-19T17:04:57Z</time></trkpt><trkpt lat="-31.903091" lon="-64.96882700000015"><ele>1187.222</ele><time>2025-04-19T17:05:57Z</time></trkpt><trkpt lat="-31.903059" lon="-64.96877200000014"><ele>1187.173</ele><time>2025-04-19T17:06:10Z</time></trkpt><trkpt lat="-31.903052" lon="-64.96871900000015"><ele>1187.357</ele><time>2025-04-19T17:06:17Z</time></trkpt><trkpt lat="-31.903015" lon="-64.96868100000015"><ele>1187.134</ele><time>2025-04-19T17:06:26Z</time></trkpt><trkpt lat="-31.902983" lon="-64.96864100000015"><ele>1187.119</ele><time>2025-04-19T17:06:33Z</time></trkpt><trkpt lat="-31.902901" lon="-64.96853600000014"><ele>1187.209</ele><time>2025-04-19T17:07:04Z</time></trkpt><trkpt lat="-31.902786" lon="-64.96848300000015"><ele>1187.119</ele><time>2025-04-19T17:07:45Z</time></trkpt><trkpt lat="-31.902735999999997" lon="-64.96848100000015"><ele>1186.909</ele><time>2025-04-19T17:07:55Z</time></trkpt><trkpt lat="-31.902623" lon="-64.96841400000015"><ele>1187.363</ele><time>2025-04-19T17:08:21Z</time></trkpt><trkpt lat="-31.902506" lon="-64.96840200000015"><ele>1187.161</ele><time>2025-04-19T17:09:28Z</time></trkpt><trkpt lat="-31.902397999999998" lon="-64.96839000000016"><ele>1188.870</ele><time>2025-04-19T17:10:02Z</time></trkpt><trkpt lat="-31.902316" lon="-64.96839500000016"><ele>1190.080</ele><time>2025-04-19T17:10:14Z</time></trkpt><trkpt lat="-31.902210999999998" lon="-64.96836700000016"><ele>1192.256</ele><time>2025-04-19T17:10:44Z</time></trkpt><trkpt lat="-31.902162999999998" lon="-64.96836500000016"><ele>1193.078</ele><time>2025-04-19T17:10:53Z</time></trkpt><trkpt lat="-31.902085" lon="-64.96835300000016"><ele>1194.579</ele><time>2025-04-19T17:11:16Z</time></trkpt><trkpt lat="-31.902038" lon="-64.96834800000016"><ele>1195.453</ele><time>2025-04-19T17:11:24Z</time></trkpt><trkpt lat="-31.901911000000002" lon="-64.96817300000016"><ele>1205.370</ele><time>2025-04-19T17:12:44Z</time></trkpt><trkpt lat="-31.901821" lon="-64.96810100000016"><ele>1210.597</ele><time>2025-04-19T17:13:08Z</time></trkpt><trkpt lat="-31.901783000000002" lon="-64.96799100000015"><ele>1216.623</ele><time>2025-04-19T17:13:30Z</time></trkpt><trkpt lat="-31.901726" lon="-64.96786400000015"><ele>1224.225</ele><time>2025-04-19T17:14:04Z</time></trkpt><trkpt lat="-31.901698" lon="-64.96778700000014"><ele>1228.709</ele><time>2025-04-19T17:14:23Z</time></trkpt><trkpt lat="-31.90166" lon="-64.96775500000014"><ele>1231.261</ele><time>2025-04-19T17:14:31Z</time></trkpt><trkpt lat="-31.901547" lon="-64.96761700000013"><ele>1238.489</ele><time>2025-04-19T17:15:14Z</time></trkpt><trkpt lat="-31.901522" lon="-64.96756900000013"><ele>1240.828</ele><time>2025-04-19T17:15:20Z</time></trkpt><trkpt lat="-31.901562" lon="-64.96743400000013"><ele>1246.438</ele><time>2025-04-19T17:16:28Z</time></trkpt><trkpt lat="-31.901653999999997" lon="-64.96737600000013"><ele>1248.594</ele><time>2025-04-19T17:16:58Z</time></trkpt><trkpt lat="-31.901736999999997" lon="-64.96730100000013"><ele>1248.946</ele><time>2025-04-19T17:18:02Z</time></trkpt><trkpt lat="-31.901781999999997" lon="-64.96719300000014"><ele>1251.327</ele><time>2025-04-19T17:18:33Z</time></trkpt><trkpt lat="-31.901884999999996" lon="-64.96717500000014"><ele>1248.681</ele><time>2025-04-19T17:19:10Z</time></trkpt><trkpt lat="-31.901969999999995" lon="-64.96708500000014"><ele>1248.958</ele><time>2025-04-19T17:20:02Z</time></trkpt><trkpt lat="-31.902012999999997" lon="-64.96705000000014"><ele>1248.789</ele><time>2025-04-19T17:20:11Z</time></trkpt><trkpt lat="-31.902139999999996" lon="-64.96699700000015"><ele>1246.306</ele><time>2025-04-19T17:20:40Z</time></trkpt><trkpt lat="-31.902261999999997" lon="-64.96699000000015"><ele>1242.526</ele><time>2025-04-19T17:21:03Z</time></trkpt><trkpt lat="-31.902374999999996" lon="-64.96683700000015"><ele>1243.709</ele><time>2025-04-19T17:22:24Z</time></trkpt><trkpt lat="-31.902452999999994" lon="-64.96672500000015"><ele>1244.780</ele><time>2025-04-19T17:28:25Z</time></trkpt><trkpt lat="-31.902535999999994" lon="-64.96665300000015"><ele>1244.088</ele><time>2025-04-19T17:29:01Z</time></trkpt><trkpt lat="-31.902520999999993" lon="-64.96659800000015"><ele>1245.327</ele><time>2025-04-19T17:29:08Z</time></trkpt><trkpt lat="-31.902482999999993" lon="-64.96656100000014"><ele>1247.037</ele><time>2025-04-19T17:29:18Z</time></trkpt><trkpt lat="-31.902447999999993" lon="-64.96652600000014"><ele>1248.773</ele><time>2025-04-19T17:29:26Z</time></trkpt><trkpt lat="-31.902407999999994" lon="-64.96649400000014"><ele>1250.545</ele><time>2025-04-19T17:29:34Z</time></trkpt><trkpt lat="-31.902367999999996" lon="-64.96646400000014"><ele>1252.376</ele><time>2025-04-19T17:29:44Z</time></trkpt><trkpt lat="-31.902340999999996" lon="-64.96641600000014"><ele>1254.090</ele><time>2025-04-19T17:29:54Z</time></trkpt><trkpt lat="-31.902312999999996" lon="-64.96637300000013"><ele>1255.527</ele><time>2025-04-19T17:30:02Z</time></trkpt><trkpt lat="-31.902294999999995" lon="-64.96631600000013"><ele>1257.095</ele><time>2025-04-19T17:30:12Z</time></trkpt><trkpt lat="-31.902296999999994" lon="-64.96623300000013"><ele>1258.049</ele><time>2025-04-19T17:30:29Z</time></trkpt><trkpt lat="-31.902314999999994" lon="-64.96617500000013"><ele>1258.223</ele><time>2025-04-19T17:30:38Z</time></trkpt><trkpt lat="-31.902346999999995" lon="-64.96610700000014"><ele>1258.009</ele><time>2025-04-19T17:30:55Z</time></trkpt><trkpt lat="-31.902343999999996" lon="-64.96605400000014"><ele>1258.871</ele><time>2025-04-19T17:31:02Z</time></trkpt><trkpt lat="-31.902321999999995" lon="-64.96600700000015"><ele>1260.259</ele><time>2025-04-19T17:31:08Z</time></trkpt><trkpt lat="-31.902326999999996" lon="-64.96593200000015"><ele>1261.138</ele><time>2025-04-19T17:31:14Z</time></trkpt><trkpt lat="-31.902331999999998" lon="-64.96587000000015"><ele>1261.738</ele><time>2025-04-19T17:31:20Z</time></trkpt><trkpt lat="-31.902341999999997" lon="-64.96580800000015"><ele>1262.834</ele><time>2025-04-19T17:31:27Z</time></trkpt><trkpt lat="-31.902338999999998" lon="-64.96575300000015"><ele>1265.186</ele><time>2025-04-19T17:31:36Z</time></trkpt><trkpt lat="-31.902344" lon="-64.96569500000015"><ele>1267.147</ele><time>2025-04-19T17:31:48Z</time></trkpt><trkpt lat="-31.902369" lon="-64.96564200000016"><ele>1268.331</ele><time>2025-04-19T17:31:55Z</time></trkpt><trkpt lat="-31.902389" lon="-64.96557500000016"><ele>1270.238</ele><time>2025-04-19T17:32:10Z</time></trkpt><trkpt lat="-31.902402" lon="-64.96552200000016"><ele>1271.916</ele><time>2025-04-19T17:32:18Z</time></trkpt><trkpt lat="-31.902407" lon="-64.96546900000017"><ele>1273.876</ele><time>2025-04-19T17:32:26Z</time></trkpt><trkpt lat="-31.90243" lon="-64.96541900000017"><ele>1275.013</ele><time>2025-04-19T17:32:35Z</time></trkpt><trkpt lat="-31.902435" lon="-64.96536100000017"><ele>1277.209</ele><time>2025-04-19T17:32:46Z</time></trkpt><trkpt lat="-31.902442" lon="-64.96530400000017"><ele>1279.333</ele><time>2025-04-19T17:32:55Z</time></trkpt><trkpt lat="-31.902454000000002" lon="-64.96524600000018"><ele>1281.221</ele><time>2025-04-19T17:33:03Z</time></trkpt><trkpt lat="-31.902477" lon="-64.96519400000018"><ele>1282.780</ele><time>2025-04-19T17:33:14Z</time></trkpt><trkpt lat="-31.902517" lon="-64.96516900000019"><ele>1282.980</ele><time>2025-04-19T17:33:23Z</time></trkpt><trkpt lat="-31.902535" lon="-64.96511900000019"><ele>1284.736</ele><time>2025-04-19T17:33:32Z</time></trkpt><trkpt lat="-31.902568" lon="-64.96508200000018"><ele>1285.988</ele><time>2025-04-19T17:33:41Z</time></trkpt><trkpt lat="-31.90259" lon="-64.96503400000017"><ele>1287.679</ele><time>2025-04-19T17:33:48Z</time></trkpt><trkpt lat="-31.902642" lon="-64.96499400000017"><ele>1288.663</ele><time>2025-04-19T17:33:57Z</time></trkpt><trkpt lat="-31.902697" lon="-64.96491700000017"><ele>1289.870</ele><time>2025-04-19T17:34:18Z</time></trkpt><trkpt lat="-31.902732" lon="-64.96487400000017"><ele>1290.397</ele><time>2025-04-19T17:34:25Z</time></trkpt><trkpt lat="-31.90272" lon="-64.96482200000017"><ele>1291.623</ele><time>2025-04-19T17:34:31Z</time></trkpt><trkpt lat="-31.902717" lon="-64.96473900000016"><ele>1293.625</ele><time>2025-04-19T17:34:43Z</time></trkpt><trkpt lat="-31.902679" lon="-64.96470400000017"><ele>1295.009</ele><time>2025-04-19T17:34:52Z</time></trkpt><trkpt lat="-31.902646999999998" lon="-64.96466600000016"><ele>1296.551</ele><time>2025-04-19T17:35:00Z</time></trkpt><trkpt lat="-31.90263" lon="-64.96461300000017"><ele>1298.199</ele><time>2025-04-19T17:35:07Z</time></trkpt><trkpt lat="-31.902638" lon="-64.96455600000017"><ele>1299.488</ele><time>2025-04-19T17:35:13Z</time></trkpt><trkpt lat="-31.902625" lon="-64.96447100000017"><ele>1301.738</ele><time>2025-04-19T17:35:34Z</time></trkpt><trkpt lat="-31.902617" lon="-64.96441800000018"><ele>1303.294</ele><time>2025-04-19T17:35:42Z</time></trkpt><trkpt lat="-31.902632" lon="-64.96436600000018"><ele>1304.166</ele><time>2025-04-19T17:35:49Z</time></trkpt><trkpt lat="-31.902634" lon="-64.96430800000019"><ele>1305.567</ele><time>2025-04-19T17:35:57Z</time></trkpt><trkpt lat="-31.902639" lon="-64.9642550000002"><ele>1306.731</ele><time>2025-04-19T17:36:06Z</time></trkpt><trkpt lat="-31.902619" lon="-64.9641980000002"><ele>1308.788</ele><time>2025-04-19T17:36:17Z</time></trkpt><trkpt lat="-31.902617000000003" lon="-64.9641350000002"><ele>1310.322</ele><time>2025-04-19T17:36:30Z</time></trkpt><trkpt lat="-31.902610000000003" lon="-64.9640750000002"><ele>1312.062</ele><time>2025-04-19T17:36:42Z</time></trkpt><trkpt lat="-31.902572000000003" lon="-64.9639280000002"><ele>1317.008</ele><time>2025-04-19T17:37:42Z</time></trkpt><trkpt lat="-31.902584000000004" lon="-64.96386300000019"><ele>1318.309</ele><time>2025-04-19T17:37:50Z</time></trkpt><trkpt lat="-31.902597000000004" lon="-64.96380500000019"><ele>1319.484</ele><time>2025-04-19T17:37:58Z</time></trkpt><trkpt lat="-31.902609000000005" lon="-64.9637530000002"><ele>1320.322</ele><time>2025-04-19T17:38:11Z</time></trkpt><trkpt lat="-31.902647000000005" lon="-64.9635960000002"><ele>1323.111</ele><time>2025-04-19T17:38:49Z</time></trkpt><trkpt lat="-31.902657000000005" lon="-64.9635390000002"><ele>1324.291</ele><time>2025-04-19T17:39:00Z</time></trkpt><trkpt lat="-31.902700000000006" lon="-64.96344600000019"><ele>1325.087</ele><time>2025-04-19T17:39:21Z</time></trkpt><trkpt lat="-31.902777000000007" lon="-64.96333900000019"><ele>1324.999</ele><time>2025-04-19T17:39:56Z</time></trkpt><trkpt lat="-31.902772000000006" lon="-64.96326200000019"><ele>1327.520</ele><time>2025-04-19T17:40:09Z</time></trkpt><trkpt lat="-31.902725000000007" lon="-64.96324400000019"><ele>1329.864</ele><time>2025-04-19T17:40:19Z</time></trkpt><trkpt lat="-31.902697000000007" lon="-64.96319700000019"><ele>1332.461</ele><time>2025-04-19T17:40:31Z</time></trkpt><trkpt lat="-31.902660000000008" lon="-64.96316500000019"><ele>1334.834</ele><time>2025-04-19T17:40:39Z</time></trkpt><trkpt lat="-31.902618000000007" lon="-64.96314300000019"><ele>1337.155</ele><time>2025-04-19T17:40:48Z</time></trkpt><trkpt lat="-31.902651000000006" lon="-64.96309500000018"><ele>1337.510</ele><time>2025-04-19T17:42:22Z</time></trkpt><trkpt lat="-31.902688000000005" lon="-64.96305800000017"><ele>1337.309</ele><time>2025-04-19T17:42:31Z</time></trkpt><trkpt lat="-31.902653000000004" lon="-64.96297000000017"><ele>1341.665</ele><time>2025-04-19T17:42:53Z</time></trkpt><trkpt lat="-31.902606000000006" lon="-64.96292700000016"><ele>1344.943</ele><time>2025-04-19T17:43:06Z</time></trkpt><trkpt lat="-31.902559000000007" lon="-64.96291900000017"><ele>1347.022</ele><time>2025-04-19T17:43:15Z</time></trkpt><trkpt lat="-31.902527000000006" lon="-64.96288100000017"><ele>1349.632</ele><time>2025-04-19T17:43:25Z</time></trkpt><trkpt lat="-31.902554000000006" lon="-64.96283300000016"><ele>1350.278</ele><time>2025-04-19T17:43:38Z</time></trkpt><trkpt lat="-31.902557000000005" lon="-64.96278000000017"><ele>1351.980</ele><time>2025-04-19T17:43:46Z</time></trkpt><trkpt lat="-31.902580000000004" lon="-64.96272300000017"><ele>1352.911</ele><time>2025-04-19T17:43:55Z</time></trkpt><trkpt lat="-31.902617000000003" lon="-64.96262500000017"><ele>1354.695</ele><time>2025-04-19T17:44:16Z</time></trkpt><trkpt lat="-31.902627000000003" lon="-64.96257200000018"><ele>1355.942</ele><time>2025-04-19T17:44:24Z</time></trkpt><trkpt lat="-31.902719" lon="-64.96244200000018"><ele>1355.916</ele><time>2025-04-19T17:45:04Z</time></trkpt><trkpt lat="-31.902709" lon="-64.96238900000019"><ele>1357.776</ele><time>2025-04-19T17:45:13Z</time></trkpt><trkpt lat="-31.902702" lon="-64.96233600000019"><ele>1359.413</ele><time>2025-04-19T17:45:25Z</time></trkpt><trkpt lat="-31.902719" lon="-64.9622840000002"><ele>1360.109</ele><time>2025-04-19T17:45:32Z</time></trkpt><trkpt lat="-31.902707" lon="-64.96222400000019"><ele>1362.353</ele><time>2025-04-19T17:45:46Z</time></trkpt><trkpt lat="-31.90268" lon="-64.96217600000018"><ele>1364.681</ele><time>2025-04-19T17:45:57Z</time></trkpt><trkpt lat="-31.902647" lon="-64.96213800000018"><ele>1366.930</ele><time>2025-04-19T17:46:05Z</time></trkpt><trkpt lat="-31.902629" lon="-64.96207500000018"><ele>1369.340</ele><time>2025-04-19T17:46:16Z</time></trkpt><trkpt lat="-31.902627000000003" lon="-64.96201800000019"><ele>1370.876</ele><time>2025-04-19T17:46:28Z</time></trkpt><trkpt lat="-31.902652000000003" lon="-64.96197300000019"><ele>1371.148</ele><time>2025-04-19T17:46:38Z</time></trkpt><trkpt lat="-31.902689000000002" lon="-64.96194000000018"><ele>1370.679</ele><time>2025-04-19T17:46:47Z</time></trkpt><trkpt lat="-31.902721000000003" lon="-64.96189200000018"><ele>1370.743</ele><time>2025-04-19T17:46:56Z</time></trkpt><trkpt lat="-31.902751000000002" lon="-64.96185000000018"><ele>1370.880</ele><time>2025-04-19T17:47:03Z</time></trkpt><trkpt lat="-31.902763000000004" lon="-64.96179700000019"><ele>1371.963</ele><time>2025-04-19T17:47:12Z</time></trkpt><trkpt lat="-31.902766000000003" lon="-64.96174000000019"><ele>1373.344</ele><time>2025-04-19T17:47:18Z</time></trkpt><trkpt lat="-31.902783000000003" lon="-64.96169000000019"><ele>1374.218</ele><time>2025-04-19T17:47:29Z</time></trkpt><trkpt lat="-31.902826000000005" lon="-64.9616480000002"><ele>1373.809</ele><time>2025-04-19T17:47:41Z</time></trkpt><trkpt lat="-31.902866000000003" lon="-64.9616230000002"><ele>1372.938</ele><time>2025-04-19T17:47:50Z</time></trkpt><trkpt lat="-31.902918000000003" lon="-64.96162600000021"><ele>1371.276</ele><time>2025-04-19T17:48:00Z</time></trkpt><trkpt lat="-31.902966000000003" lon="-64.96160300000021"><ele>1370.045</ele><time>2025-04-19T17:48:10Z</time></trkpt><trkpt lat="-31.902996" lon="-64.96155600000021"><ele>1369.955</ele><time>2025-04-19T17:48:16Z</time></trkpt><trkpt lat="-31.903028000000003" lon="-64.96151100000021"><ele>1369.771</ele><time>2025-04-19T17:48:21Z</time></trkpt><trkpt lat="-31.903066000000003" lon="-64.96146600000021"><ele>1369.433</ele><time>2025-04-19T17:48:28Z</time></trkpt><trkpt lat="-31.903088000000004" lon="-64.96141900000022"><ele>1369.634</ele><time>2025-04-19T17:48:35Z</time></trkpt><trkpt lat="-31.903130000000004" lon="-64.96139600000022"><ele>1368.728</ele><time>2025-04-19T17:49:07Z</time></trkpt><trkpt lat="-31.903165000000005" lon="-64.96136100000022"><ele>1368.315</ele><time>2025-04-19T17:49:15Z</time></trkpt><trkpt lat="-31.903212000000003" lon="-64.96134300000023"><ele>1367.341</ele><time>2025-04-19T17:49:21Z</time></trkpt><trkpt lat="-31.903250000000003" lon="-64.96131500000023"><ele>1366.781</ele><time>2025-04-19T17:49:25Z</time></trkpt><trkpt lat="-31.903272000000005" lon="-64.96126000000022"><ele>1367.109</ele><time>2025-04-19T17:49:30Z</time></trkpt><trkpt lat="-31.903285000000004" lon="-64.96120800000023"><ele>1367.809</ele><time>2025-04-19T17:49:37Z</time></trkpt><trkpt lat="-31.903320000000004" lon="-64.96116000000022"><ele>1367.756</ele><time>2025-04-19T17:49:44Z</time></trkpt><trkpt lat="-31.903352000000005" lon="-64.96111300000022"><ele>1368.114</ele><time>2025-04-19T17:49:50Z</time></trkpt><trkpt lat="-31.903380000000006" lon="-64.96106100000023"><ele>1368.993</ele><time>2025-04-19T17:49:57Z</time></trkpt><trkpt lat="-31.903415000000006" lon="-64.96102300000022"><ele>1369.583</ele><time>2025-04-19T17:50:03Z</time></trkpt><trkpt lat="-31.903455000000005" lon="-64.96099100000022"><ele>1369.929</ele><time>2025-04-19T17:50:08Z</time></trkpt><trkpt lat="-31.903477000000006" lon="-64.96093900000022"><ele>1370.981</ele><time>2025-04-19T17:50:18Z</time></trkpt><trkpt lat="-31.903507000000005" lon="-64.96089400000022"><ele>1371.772</ele><time>2025-04-19T17:50:25Z</time></trkpt><trkpt lat="-31.903537000000004" lon="-64.96084700000023"><ele>1372.756</ele><time>2025-04-19T17:50:32Z</time></trkpt><trkpt lat="-31.903565000000004" lon="-64.96080200000023"><ele>1373.133</ele><time>2025-04-19T17:50:38Z</time></trkpt><trkpt lat="-31.903593000000004" lon="-64.96075700000023"><ele>1373.235</ele><time>2025-04-19T17:50:44Z</time></trkpt><trkpt lat="-31.903625000000005" lon="-64.96070400000023"><ele>1373.386</ele><time>2025-04-19T17:50:50Z</time></trkpt><trkpt lat="-31.903640000000006" lon="-64.96064400000023"><ele>1373.514</ele><time>2025-04-19T17:50:56Z</time></trkpt><trkpt lat="-31.903667000000006" lon="-64.96059900000023"><ele>1373.509</ele><time>2025-04-19T17:51:02Z</time></trkpt><trkpt lat="-31.903690000000005" lon="-64.96054600000024"><ele>1373.415</ele><time>2025-04-19T17:51:07Z</time></trkpt><trkpt lat="-31.903708000000005" lon="-64.96049100000023"><ele>1373.423</ele><time>2025-04-19T17:51:13Z</time></trkpt><trkpt lat="-31.903730000000007" lon="-64.96044400000024"><ele>1373.232</ele><time>2025-04-19T17:51:19Z</time></trkpt><trkpt lat="-31.903740000000006" lon="-64.96038700000024"><ele>1373.242</ele><time>2025-04-19T17:51:27Z</time></trkpt><trkpt lat="-31.903767000000006" lon="-64.96034200000024"><ele>1372.998</ele><time>2025-04-19T17:51:32Z</time></trkpt><trkpt lat="-31.903790000000004" lon="-64.96029000000024"><ele>1372.530</ele><time>2025-04-19T17:51:38Z</time></trkpt><trkpt lat="-31.903800000000004" lon="-64.96022800000024"><ele>1372.481</ele><time>2025-04-19T17:51:48Z</time></trkpt><trkpt lat="-31.903825000000005" lon="-64.96016600000024"><ele>1371.965</ele><time>2025-04-19T17:51:54Z</time></trkpt><trkpt lat="-31.903857000000006" lon="-64.96012100000024"><ele>1371.242</ele><time>2025-04-19T17:52:03Z</time></trkpt><trkpt lat="-31.903892000000006" lon="-64.96007800000024"><ele>1370.495</ele><time>2025-04-19T17:52:12Z</time></trkpt><trkpt lat="-31.903915000000005" lon="-64.96003100000024"><ele>1369.749</ele><time>2025-04-19T17:52:18Z</time></trkpt><trkpt lat="-31.903943000000005" lon="-64.95998300000024"><ele>1369.523</ele><time>2025-04-19T17:52:26Z</time></trkpt><trkpt lat="-31.903981000000005" lon="-64.95995000000023"><ele>1369.709</ele><time>2025-04-19T17:52:35Z</time></trkpt><trkpt lat="-31.904004000000004" lon="-64.95989000000023"><ele>1371.111</ele><time>2025-04-19T17:52:46Z</time></trkpt><trkpt lat="-31.904022000000005" lon="-64.95983700000023"><ele>1372.569</ele><time>2025-04-19T17:52:53Z</time></trkpt><trkpt lat="-31.904060000000005" lon="-64.95980700000024"><ele>1372.658</ele><time>2025-04-19T17:53:02Z</time></trkpt><trkpt lat="-31.904102000000005" lon="-64.95976700000024"><ele>1372.888</ele><time>2025-04-19T17:53:11Z</time></trkpt><trkpt lat="-31.904137000000006" lon="-64.95973000000023"><ele>1373.254</ele><time>2025-04-19T17:53:21Z</time></trkpt><trkpt lat="-31.904177000000004" lon="-64.95967300000024"><ele>1374.736</ele><time>2025-04-19T17:53:32Z</time></trkpt><trkpt lat="-31.904197000000003" lon="-64.95962500000023"><ele>1376.877</ele><time>2025-04-19T17:53:39Z</time></trkpt><trkpt lat="-31.904239000000004" lon="-64.95960500000022"><ele>1378.421</ele><time>2025-04-19T17:53:47Z</time></trkpt><trkpt lat="-31.904282000000006" lon="-64.95959000000022"><ele>1379.978</ele><time>2025-04-19T17:53:54Z</time></trkpt><trkpt lat="-31.904320000000006" lon="-64.95953800000022"><ele>1382.171</ele><time>2025-04-19T17:54:03Z</time></trkpt><trkpt lat="-31.904342000000007" lon="-64.95948500000023"><ele>1383.841</ele><time>2025-04-19T17:54:15Z</time></trkpt><trkpt lat="-31.904374000000008" lon="-64.95944000000023"><ele>1385.415</ele><time>2025-04-19T17:54:22Z</time></trkpt><trkpt lat="-31.904407000000006" lon="-64.95939800000023"><ele>1386.809</ele><time>2025-04-19T17:54:27Z</time></trkpt><trkpt lat="-31.904429000000007" lon="-64.95934800000023"><ele>1388.029</ele><time>2025-04-19T17:54:32Z</time></trkpt><trkpt lat="-31.904446000000007" lon="-64.95929300000023"><ele>1389.377</ele><time>2025-04-19T17:54:38Z</time></trkpt><trkpt lat="-31.904473000000007" lon="-64.95917500000023"><ele>1391.556</ele><time>2025-04-19T17:55:03Z</time></trkpt><trkpt lat="-31.904471000000008" lon="-64.95912000000023"><ele>1393.016</ele><time>2025-04-19T17:55:11Z</time></trkpt><trkpt lat="-31.904491000000007" lon="-64.95907200000022"><ele>1394.382</ele><time>2025-04-19T17:55:18Z</time></trkpt><trkpt lat="-31.904511000000007" lon="-64.95902400000021"><ele>1395.794</ele><time>2025-04-19T17:55:27Z</time></trkpt><trkpt lat="-31.904543000000007" lon="-64.95897900000021"><ele>1396.845</ele><time>2025-04-19T17:55:34Z</time></trkpt><trkpt lat="-31.904588000000007" lon="-64.95895200000021"><ele>1397.459</ele><time>2025-04-19T17:55:42Z</time></trkpt><trkpt lat="-31.904618000000006" lon="-64.9589090000002"><ele>1398.446</ele><time>2025-04-19T17:55:51Z</time></trkpt><trkpt lat="-31.904653000000007" lon="-64.95887400000021"><ele>1399.287</ele><time>2025-04-19T17:55:59Z</time></trkpt><trkpt lat="-31.904698000000007" lon="-64.9588540000002"><ele>1399.542</ele><time>2025-04-19T17:56:08Z</time></trkpt><trkpt lat="-31.904745000000005" lon="-64.9588410000002"><ele>1399.526</ele><time>2025-04-19T17:56:16Z</time></trkpt><trkpt lat="-31.904793000000005" lon="-64.9588190000002"><ele>1399.809</ele><time>2025-04-19T17:56:23Z</time></trkpt><trkpt lat="-31.904838000000005" lon="-64.9588020000002"><ele>1399.910</ele><time>2025-04-19T17:56:32Z</time></trkpt><trkpt lat="-31.904880000000006" lon="-64.9587790000002"><ele>1400.248</ele><time>2025-04-19T17:56:39Z</time></trkpt><trkpt lat="-31.904930000000007" lon="-64.9587570000002"><ele>1400.357</ele><time>2025-04-19T17:56:52Z</time></trkpt><trkpt lat="-31.904985000000007" lon="-64.95873200000021"><ele>1400.527</ele><time>2025-04-19T17:56:59Z</time></trkpt><trkpt lat="-31.905025000000006" lon="-64.95870400000021"><ele>1401.213</ele><time>2025-04-19T17:57:06Z</time></trkpt><trkpt lat="-31.905062000000004" lon="-64.9586720000002"><ele>1402.285</ele><time>2025-04-19T17:57:11Z</time></trkpt><trkpt lat="-31.905137000000003" lon="-64.9586390000002"><ele>1403.586</ele><time>2025-04-19T17:58:33Z</time></trkpt><trkpt lat="-31.905180000000005" lon="-64.9586060000002"><ele>1404.330</ele><time>2025-04-19T17:58:41Z</time></trkpt><trkpt lat="-31.905207000000004" lon="-64.9585580000002"><ele>1405.227</ele><time>2025-04-19T17:58:47Z</time></trkpt><trkpt lat="-31.905254000000003" lon="-64.9585350000002"><ele>1405.716</ele><time>2025-04-19T17:58:54Z</time></trkpt><trkpt lat="-31.905297000000004" lon="-64.9585130000002"><ele>1406.276</ele><time>2025-04-19T17:58:59Z</time></trkpt><trkpt lat="-31.905349000000005" lon="-64.9585180000002"><ele>1406.313</ele><time>2025-04-19T17:59:05Z</time></trkpt><trkpt lat="-31.905394000000005" lon="-64.9585280000002"><ele>1406.409</ele><time>2025-04-19T17:59:10Z</time></trkpt><trkpt lat="-31.905446000000005" lon="-64.9585300000002"><ele>1406.633</ele><time>2025-04-19T17:59:17Z</time></trkpt><trkpt lat="-31.905493000000003" lon="-64.95854800000019"><ele>1406.761</ele><time>2025-04-19T17:59:24Z</time></trkpt><trkpt lat="-31.905546000000005" lon="-64.95856100000019"><ele>1406.910</ele><time>2025-04-19T17:59:32Z</time></trkpt><trkpt lat="-31.905596000000006" lon="-64.95856900000018"><ele>1407.150</ele><time>2025-04-19T17:59:39Z</time></trkpt><trkpt lat="-31.905639000000008" lon="-64.95859400000018"><ele>1407.486</ele><time>2025-04-19T17:59:45Z</time></trkpt><trkpt lat="-31.90568100000001" lon="-64.95862400000017"><ele>1407.618</ele><time>2025-04-19T17:59:54Z</time></trkpt><trkpt lat="-31.905804000000007" lon="-64.95863200000016"><ele>1408.629</ele><time>2025-04-19T18:00:32Z</time></trkpt><trkpt lat="-31.905856000000007" lon="-64.95863900000016"><ele>1409.823</ele><time>2025-04-19T18:00:40Z</time></trkpt><trkpt lat="-31.905903000000006" lon="-64.95862600000017"><ele>1411.760</ele><time>2025-04-19T18:00:49Z</time></trkpt><trkpt lat="-31.905930000000005" lon="-64.95856400000017"><ele>1412.684</ele><time>2025-04-19T18:01:02Z</time></trkpt><trkpt lat="-31.905957000000004" lon="-64.95851900000017"><ele>1413.607</ele><time>2025-04-19T18:01:13Z</time></trkpt><trkpt lat="-31.905970000000003" lon="-64.95846700000017"><ele>1414.017</ele><time>2025-04-19T18:01:21Z</time></trkpt><trkpt lat="-31.905973000000003" lon="-64.95841000000017"><ele>1414.009</ele><time>2025-04-19T18:01:29Z</time></trkpt><trkpt lat="-31.905971000000005" lon="-64.95835200000018"><ele>1413.780</ele><time>2025-04-19T18:01:36Z</time></trkpt><trkpt lat="-31.905974000000004" lon="-64.95829900000018"><ele>1414.368</ele><time>2025-04-19T18:01:44Z</time></trkpt><trkpt lat="-31.905961000000005" lon="-64.95822400000019"><ele>1414.937</ele><time>2025-04-19T18:02:00Z</time></trkpt><trkpt lat="-31.905953000000004" lon="-64.95815900000018"><ele>1415.537</ele><time>2025-04-19T18:02:16Z</time></trkpt><trkpt lat="-31.905955000000002" lon="-64.95810600000019"><ele>1416.513</ele><time>2025-04-19T18:02:25Z</time></trkpt><trkpt lat="-31.905948000000002" lon="-64.95804900000019"><ele>1417.035</ele><time>2025-04-19T18:02:34Z</time></trkpt><trkpt lat="-31.905946000000004" lon="-64.95798900000018"><ele>1417.956</ele><time>2025-04-19T18:02:43Z</time></trkpt><trkpt lat="-31.905949000000003" lon="-64.95793600000019"><ele>1418.950</ele><time>2025-04-19T18:02:49Z</time></trkpt><trkpt lat="-31.905934000000002" lon="-64.9578830000002"><ele>1419.067</ele><time>2025-04-19T18:02:58Z</time></trkpt><trkpt lat="-31.905879000000002" lon="-64.95774500000019"><ele>1418.458</ele><time>2025-04-19T18:05:06Z</time></trkpt><trkpt lat="-31.905869000000003" lon="-64.95769300000019"><ele>1418.852</ele><time>2025-04-19T18:05:13Z</time></trkpt><trkpt lat="-31.905841000000002" lon="-64.9576510000002"><ele>1418.017</ele><time>2025-04-19T18:05:21Z</time></trkpt><trkpt lat="-31.905798" lon="-64.9576290000002"><ele>1417.609</ele><time>2025-04-19T18:05:29Z</time></trkpt><trkpt lat="-31.905756" lon="-64.95757400000019"><ele>1418.047</ele><time>2025-04-19T18:06:29Z</time></trkpt><trkpt lat="-31.905729" lon="-64.95752600000019"><ele>1418.415</ele><time>2025-04-19T18:06:38Z</time></trkpt><trkpt lat="-31.905686" lon="-64.95748300000018"><ele>1418.524</ele><time>2025-04-19T18:07:09Z</time></trkpt><trkpt lat="-31.905683" lon="-64.95741600000018"><ele>1419.784</ele><time>2025-04-19T18:07:20Z</time></trkpt><trkpt lat="-31.90571" lon="-64.95736800000017"><ele>1420.940</ele><time>2025-04-19T18:07:26Z</time></trkpt><trkpt lat="-31.905735" lon="-64.95731800000017"><ele>1422.242</ele><time>2025-04-19T18:07:33Z</time></trkpt><trkpt lat="-31.905762" lon="-64.95727000000016"><ele>1423.433</ele><time>2025-04-19T18:07:39Z</time></trkpt><trkpt lat="-31.905808999999998" lon="-64.95726200000017"><ele>1424.257</ele><time>2025-04-19T18:07:45Z</time></trkpt><trkpt lat="-31.905859" lon="-64.95722900000017"><ele>1426.544</ele><time>2025-04-19T18:08:13Z</time></trkpt><trkpt lat="-31.905857" lon="-64.95717200000017"><ele>1427.533</ele><time>2025-04-19T18:08:22Z</time></trkpt><trkpt lat="-31.905842" lon="-64.95711900000018"><ele>1427.823</ele><time>2025-04-19T18:08:27Z</time></trkpt><trkpt lat="-31.905817" lon="-64.95706700000018"><ele>1428.115</ele><time>2025-04-19T18:08:32Z</time></trkpt><trkpt lat="-31.905797" lon="-64.95701500000018"><ele>1428.709</ele><time>2025-04-19T18:08:39Z</time></trkpt><trkpt lat="-31.905802" lon="-64.95696000000018"><ele>1429.945</ele><time>2025-04-19T18:08:45Z</time></trkpt><trkpt lat="-31.905804" lon="-64.95690300000018"><ele>1431.043</ele><time>2025-04-19T18:08:54Z</time></trkpt><trkpt lat="-31.905749" lon="-64.95676300000018"><ele>1432.712</ele><time>2025-04-19T18:09:28Z</time></trkpt><trkpt lat="-31.905727" lon="-64.95671600000018"><ele>1433.252</ele><time>2025-04-19T18:09:35Z</time></trkpt><trkpt lat="-31.90572" lon="-64.95658300000018"><ele>1435.888</ele><time>2025-04-19T18:10:20Z</time></trkpt><trkpt lat="-31.905721999999997" lon="-64.95645600000017"><ele>1438.640</ele><time>2025-04-19T18:10:47Z</time></trkpt><trkpt lat="-31.905696999999996" lon="-64.95640800000017"><ele>1439.381</ele><time>2025-04-19T18:10:56Z</time></trkpt><trkpt lat="-31.905661999999996" lon="-64.95635800000017"><ele>1440.025</ele><time>2025-04-19T18:11:08Z</time></trkpt><trkpt lat="-31.905603999999997" lon="-64.95627100000017"><ele>1441.312</ele><time>2025-04-19T18:11:33Z</time></trkpt><trkpt lat="-31.905520999999997" lon="-64.95622600000017"><ele>1441.444</ele><time>2025-04-19T18:11:55Z</time></trkpt><trkpt lat="-31.905467999999995" lon="-64.95621800000018"><ele>1440.905</ele><time>2025-04-19T18:12:02Z</time></trkpt><trkpt lat="-31.905434999999997" lon="-64.95617300000018"><ele>1441.715</ele><time>2025-04-19T18:12:09Z</time></trkpt><trkpt lat="-31.905399999999997" lon="-64.95613100000018"><ele>1442.509</ele><time>2025-04-19T18:12:17Z</time></trkpt><trkpt lat="-31.905354999999997" lon="-64.95611600000018"><ele>1442.466</ele><time>2025-04-19T18:12:24Z</time></trkpt><trkpt lat="-31.905327999999997" lon="-64.95607100000018"><ele>1443.424</ele><time>2025-04-19T18:12:32Z</time></trkpt><trkpt lat="-31.905317999999998" lon="-64.95601900000018"><ele>1444.793</ele><time>2025-04-19T18:12:37Z</time></trkpt><trkpt lat="-31.905271" lon="-64.95598600000018"><ele>1445.323</ele><time>2025-04-19T18:12:51Z</time></trkpt><trkpt lat="-31.905231" lon="-64.95595800000018"><ele>1445.859</ele><time>2025-04-19T18:12:59Z</time></trkpt><trkpt lat="-31.905206" lon="-64.95591000000017"><ele>1447.061</ele><time>2025-04-19T18:13:07Z</time></trkpt><trkpt lat="-31.905171" lon="-64.95581000000017"><ele>1449.842</ele><time>2025-04-19T18:13:22Z</time></trkpt><trkpt lat="-31.905178" lon="-64.95575700000018"><ele>1451.516</ele><time>2025-04-19T18:13:30Z</time></trkpt><trkpt lat="-31.905153" lon="-64.95564500000017"><ele>1454.983</ele><time>2025-04-19T18:15:19Z</time></trkpt><trkpt lat="-31.905130999999997" lon="-64.95558800000018"><ele>1456.672</ele><time>2025-04-19T18:15:26Z</time></trkpt><trkpt lat="-31.905108999999996" lon="-64.95554100000018"><ele>1457.913</ele><time>2025-04-19T18:15:31Z</time></trkpt><trkpt lat="-31.905080999999996" lon="-64.95548900000018"><ele>1459.514</ele><time>2025-04-19T18:15:37Z</time></trkpt><trkpt lat="-31.905037999999994" lon="-64.95547200000019"><ele>1459.909</ele><time>2025-04-19T18:15:43Z</time></trkpt><trkpt lat="-31.905054999999994" lon="-64.95539700000019"><ele>1462.319</ele><time>2025-04-19T18:16:06Z</time></trkpt><trkpt lat="-31.905086999999995" lon="-64.95535400000018"><ele>1463.857</ele><time>2025-04-19T18:16:13Z</time></trkpt><trkpt lat="-31.905076999999995" lon="-64.95529700000019"><ele>1465.616</ele><time>2025-04-19T18:16:21Z</time></trkpt><trkpt lat="-31.905036999999997" lon="-64.95526900000019"><ele>1466.436</ele><time>2025-04-19T18:16:27Z</time></trkpt><trkpt lat="-31.904991999999996" lon="-64.95524200000018"><ele>1467.042</ele><time>2025-04-19T18:16:34Z</time></trkpt><trkpt lat="-31.904956999999996" lon="-64.95520500000018"><ele>1467.654</ele><time>2025-04-19T18:16:43Z</time></trkpt><trkpt lat="-31.904968999999998" lon="-64.95515300000018"><ele>1469.515</ele><time>2025-04-19T18:16:52Z</time></trkpt><trkpt lat="-31.904946999999996" lon="-64.95510600000019"><ele>1470.519</ele><time>2025-04-19T18:16:57Z</time></trkpt><trkpt lat="-31.904916999999998" lon="-64.95506300000018"><ele>1471.396</ele><time>2025-04-19T18:17:06Z</time></trkpt><trkpt lat="-31.904884" lon="-64.95502600000017"><ele>1471.869</ele><time>2025-04-19T18:17:15Z</time></trkpt><trkpt lat="-31.904854" lon="-64.95498300000017"><ele>1472.604</ele><time>2025-04-19T18:17:21Z</time></trkpt><trkpt lat="-31.904826" lon="-64.95494100000018"><ele>1473.424</ele><time>2025-04-19T18:17:28Z</time></trkpt><trkpt lat="-31.904796" lon="-64.95489300000017"><ele>1474.409</ele><time>2025-04-19T18:17:37Z</time></trkpt><trkpt lat="-31.904756000000003" lon="-64.95486300000017"><ele>1474.578</ele><time>2025-04-19T18:17:43Z</time></trkpt><trkpt lat="-31.904713" lon="-64.95484300000017"><ele>1474.176</ele><time>2025-04-19T18:17:52Z</time></trkpt><trkpt lat="-31.904665" lon="-64.95483100000017"><ele>1473.415</ele><time>2025-04-19T18:17:59Z</time></trkpt><trkpt lat="-31.904623" lon="-64.95480900000017"><ele>1473.165</ele><time>2025-04-19T18:18:07Z</time></trkpt><trkpt lat="-31.904566" lon="-64.95477700000016"><ele>1472.861</ele><time>2025-04-19T18:18:19Z</time></trkpt><trkpt lat="-31.904556" lon="-64.95467200000016"><ele>1475.763</ele><time>2025-04-19T18:19:34Z</time></trkpt><trkpt lat="-31.904529" lon="-64.95462700000016"><ele>1476.364</ele><time>2025-04-19T18:19:44Z</time></trkpt><trkpt lat="-31.904487" lon="-64.95459500000015"><ele>1476.168</ele><time>2025-04-19T18:19:54Z</time></trkpt><trkpt lat="-31.90448" lon="-64.95454000000015"><ele>1477.525</ele><time>2025-04-19T18:20:04Z</time></trkpt><trkpt lat="-31.904473" lon="-64.95448700000016"><ele>1478.876</ele><time>2025-04-19T18:20:12Z</time></trkpt><trkpt lat="-31.904455" lon="-64.95443200000015"><ele>1479.990</ele><time>2025-04-19T18:20:19Z</time></trkpt><trkpt lat="-31.904436999999998" lon="-64.95437900000016"><ele>1480.819</ele><time>2025-04-19T18:20:26Z</time></trkpt><trkpt lat="-31.904414999999997" lon="-64.95432200000016"><ele>1481.809</ele><time>2025-04-19T18:20:33Z</time></trkpt><trkpt lat="-31.904402999999995" lon="-64.95426900000017"><ele>1482.929</ele><time>2025-04-19T18:20:41Z</time></trkpt><trkpt lat="-31.904384999999994" lon="-64.95421400000016"><ele>1483.887</ele><time>2025-04-19T18:20:51Z</time></trkpt><trkpt lat="-31.904347999999995" lon="-64.95417900000017"><ele>1483.526</ele><time>2025-04-19T18:20:58Z</time></trkpt><trkpt lat="-31.904314999999997" lon="-64.95413600000016"><ele>1483.986</ele><time>2025-04-19T18:21:05Z</time></trkpt><trkpt lat="-31.904294999999998" lon="-64.95418600000016"><ele>1481.772</ele><time>2025-04-19T18:21:20Z</time></trkpt><trkpt lat="-31.904246999999998" lon="-64.95417400000017"><ele>1480.474</ele><time>2025-04-19T18:21:27Z</time></trkpt><trkpt lat="-31.904244" lon="-64.95412100000017"><ele>1482.285</ele><time>2025-04-19T18:21:51Z</time></trkpt><trkpt lat="-31.904266" lon="-64.95405600000016"><ele>1485.219</ele><time>2025-04-19T18:22:27Z</time></trkpt><trkpt lat="-31.904266" lon="-64.95413600000016"><ele>1482.326</ele><time>2025-04-19T18:23:53Z</time></trkpt><trkpt lat="-31.904316" lon="-64.95414900000016"><ele>1483.518</ele><time>2025-04-19T18:24:01Z</time></trkpt><trkpt lat="-31.904358000000002" lon="-64.95412200000015"><ele>1485.898</ele><time>2025-04-19T18:24:06Z</time></trkpt><trkpt lat="-31.904391" lon="-64.95408500000015"><ele>1488.317</ele><time>2025-04-19T18:24:11Z</time></trkpt><trkpt lat="-31.904403000000002" lon="-64.95402500000014"><ele>1490.909</ele><time>2025-04-19T18:24:20Z</time></trkpt><trkpt lat="-31.904406" lon="-64.95396700000015"><ele>1493.153</ele><time>2025-04-19T18:24:29Z</time></trkpt><trkpt lat="-31.904424000000002" lon="-64.95391200000014"><ele>1495.771</ele><time>2025-04-19T18:24:35Z</time></trkpt><trkpt lat="-31.904422000000004" lon="-64.95385900000015"><ele>1497.690</ele><time>2025-04-19T18:24:45Z</time></trkpt><trkpt lat="-31.904409000000005" lon="-64.95380400000015"><ele>1499.250</ele><time>2025-04-19T18:24:53Z</time></trkpt><trkpt lat="-31.904424000000006" lon="-64.95374600000015"><ele>1501.846</ele><time>2025-04-19T18:25:00Z</time></trkpt><trkpt lat="-31.904409000000005" lon="-64.95369400000016"><ele>1503.258</ele><time>2025-04-19T18:25:06Z</time></trkpt><trkpt lat="-31.904422000000004" lon="-64.95363900000015"><ele>1505.799</ele><time>2025-04-19T18:25:24Z</time></trkpt><trkpt lat="-31.904412000000004" lon="-64.95358700000016"><ele>1507.283</ele><time>2025-04-19T18:25:32Z</time></trkpt><trkpt lat="-31.904415000000004" lon="-64.95352900000016"><ele>1509.520</ele><time>2025-04-19T18:25:42Z</time></trkpt><trkpt lat="-31.904437000000005" lon="-64.95348100000015"><ele>1512.034</ele><time>2025-04-19T18:25:53Z</time></trkpt><trkpt lat="-31.904409000000005" lon="-64.95343800000015"><ele>1512.655</ele><time>2025-04-19T18:26:02Z</time></trkpt><trkpt lat="-31.904396000000006" lon="-64.95338300000014"><ele>1514.210</ele><time>2025-04-19T18:26:07Z</time></trkpt><trkpt lat="-31.904366000000007" lon="-64.95334300000015"><ele>1514.609</ele><time>2025-04-19T18:26:13Z</time></trkpt><trkpt lat="-31.904359000000007" lon="-64.95328500000015"><ele>1516.085</ele><time>2025-04-19T18:26:22Z</time></trkpt><trkpt lat="-31.904339000000007" lon="-64.95323500000015"><ele>1516.663</ele><time>2025-04-19T18:26:29Z</time></trkpt><trkpt lat="-31.904311000000007" lon="-64.95317800000015"><ele>1517.072</ele><time>2025-04-19T18:26:35Z</time></trkpt><trkpt lat="-31.904296000000006" lon="-64.95312600000015"><ele>1517.862</ele><time>2025-04-19T18:26:40Z</time></trkpt><trkpt lat="-31.904284000000004" lon="-64.95306800000016"><ele>1518.888</ele><time>2025-04-19T18:26:46Z</time></trkpt><trkpt lat="-31.904291000000004" lon="-64.95301100000016"><ele>1520.540</ele><time>2025-04-19T18:26:53Z</time></trkpt><trkpt lat="-31.904293000000003" lon="-64.95295300000016"><ele>1522.061</ele><time>2025-04-19T18:26:59Z</time></trkpt><trkpt lat="-31.904280000000004" lon="-64.95289300000016"><ele>1523.085</ele><time>2025-04-19T18:27:06Z</time></trkpt><trkpt lat="-31.904277000000004" lon="-64.95283500000016"><ele>1524.352</ele><time>2025-04-19T18:27:13Z</time></trkpt><trkpt lat="-31.904235000000003" lon="-64.95277500000016"><ele>1523.911</ele><time>2025-04-19T18:27:19Z</time></trkpt><trkpt lat="-31.904190000000003" lon="-64.95274700000016"><ele>1522.521</ele><time>2025-04-19T18:27:26Z</time></trkpt><trkpt lat="-31.904195000000005" lon="-64.95268900000016"><ele>1524.003</ele><time>2025-04-19T18:27:33Z</time></trkpt><trkpt lat="-31.904223000000005" lon="-64.95263700000017"><ele>1526.609</ele><time>2025-04-19T18:27:41Z</time></trkpt><trkpt lat="-31.904230000000005" lon="-64.95258400000017"><ele>1528.273</ele><time>2025-04-19T18:27:47Z</time></trkpt><trkpt lat="-31.904240000000005" lon="-64.95252900000017"><ele>1530.141</ele><time>2025-04-19T18:27:54Z</time></trkpt><trkpt lat="-31.904273000000003" lon="-64.95248900000017"><ele>1532.620</ele><time>2025-04-19T18:28:05Z</time></trkpt><trkpt lat="-31.904276000000003" lon="-64.95243600000018"><ele>1533.130</ele><time>2025-04-19T18:28:14Z</time></trkpt><trkpt lat="-31.904289000000002" lon="-64.95237300000018"><ele>1534.256</ele><time>2025-04-19T18:28:28Z</time></trkpt><trkpt lat="-31.904332000000004" lon="-64.95239100000018"><ele>1536.338</ele><time>2025-04-19T18:28:41Z</time></trkpt><trkpt lat="-31.904382000000005" lon="-64.95235300000017"><ele>1539.229</ele><time>2025-04-19T18:28:56Z</time></trkpt><trkpt lat="-31.904407000000006" lon="-64.95228600000017"><ele>1541.143</ele><time>2025-04-19T18:29:12Z</time></trkpt><trkpt lat="-31.904449000000007" lon="-64.95217900000017"><ele>1544.170</ele><time>2025-04-19T18:29:48Z</time></trkpt><trkpt lat="-31.904502000000008" lon="-64.95215100000017"><ele>1547.233</ele><time>2025-04-19T18:30:05Z</time></trkpt><trkpt lat="-31.904567000000007" lon="-64.95202800000017"><ele>1551.923</ele><time>2025-04-19T18:30:41Z</time></trkpt><trkpt lat="-31.904532000000007" lon="-64.95198800000017"><ele>1550.315</ele><time>2025-04-19T18:30:47Z</time></trkpt><trkpt lat="-31.90449200000001" lon="-64.95195300000017"><ele>1548.409</ele><time>2025-04-19T18:30:55Z</time></trkpt><trkpt lat="-31.904447000000008" lon="-64.95196000000017"><ele>1545.845</ele><time>2025-04-19T18:31:04Z</time></trkpt><trkpt lat="-31.904422000000007" lon="-64.95187700000017"><ele>1545.133</ele><time>2025-04-19T18:31:23Z</time></trkpt><trkpt lat="-31.904397000000007" lon="-64.95182500000017"><ele>1544.172</ele><time>2025-04-19T18:31:30Z</time></trkpt><trkpt lat="-31.904402000000008" lon="-64.95176800000017"><ele>1544.872</ele><time>2025-04-19T18:31:49Z</time></trkpt><trkpt lat="-31.904442000000007" lon="-64.95174100000017"><ele>1547.398</ele><time>2025-04-19T18:31:57Z</time></trkpt><trkpt lat="-31.904505000000007" lon="-64.95170300000017"><ele>1551.210</ele><time>2025-04-19T18:32:13Z</time></trkpt><trkpt lat="-31.904507000000006" lon="-64.95164800000016"><ele>1551.671</ele><time>2025-04-19T18:32:21Z</time></trkpt><trkpt lat="-31.904520000000005" lon="-64.95159500000017"><ele>1552.215</ele><time>2025-04-19T18:32:33Z</time></trkpt><trkpt lat="-31.904505000000004" lon="-64.95154200000017"><ele>1551.332</ele><time>2025-04-19T18:33:07Z</time></trkpt><trkpt lat="-31.904463000000003" lon="-64.95151900000018"><ele>1548.824</ele><time>2025-04-19T18:33:19Z</time></trkpt><trkpt lat="-31.904420000000002" lon="-64.95148400000018"><ele>1546.304</ele><time>2025-04-19T18:33:28Z</time></trkpt><trkpt lat="-31.904392" lon="-64.95142600000018"><ele>1544.614</ele><time>2025-04-19T18:33:37Z</time></trkpt><trkpt lat="-31.904374" lon="-64.95136900000018"><ele>1543.509</ele><time>2025-04-19T18:33:46Z</time></trkpt><trkpt lat="-31.904354" lon="-64.95132100000018"><ele>1542.354</ele><time>2025-04-19T18:33:57Z</time></trkpt><trkpt lat="-31.904277" lon="-64.95127100000018"><ele>1537.842</ele><time>2025-04-19T18:34:38Z</time></trkpt><trkpt lat="-31.904315" lon="-64.95123600000018"><ele>1539.991</ele><time>2025-04-19T18:34:54Z</time></trkpt><trkpt lat="-31.90454" lon="-64.95078300000019"><ele>1552.411</ele><time>2025-04-19T18:38:49Z</time></trkpt><trkpt lat="-31.90453" lon="-64.95066000000018"><ele>1552.937</ele><time>2025-04-19T18:40:10Z</time></trkpt><trkpt lat="-31.904420000000002" lon="-64.95061200000018"><ele>1547.639</ele><time>2025-04-19T18:40:34Z</time></trkpt><trkpt lat="-31.904337" lon="-64.95064500000018"><ele>1543.030</ele><time>2025-04-19T18:40:57Z</time></trkpt><trkpt lat="-31.904285" lon="-64.95065700000018"><ele>1540.184</ele><time>2025-04-19T18:41:05Z</time></trkpt><trkpt lat="-31.904245000000003" lon="-64.95068200000017"><ele>1537.751</ele><time>2025-04-19T18:41:14Z</time></trkpt><trkpt lat="-31.904127000000003" lon="-64.95074500000017"><ele>1532.851</ele><time>2025-04-19T18:42:23Z</time></trkpt><trkpt lat="-31.904082000000002" lon="-64.95073200000017"><ele>1533.401</ele><time>2025-04-19T18:42:30Z</time></trkpt><trkpt lat="-31.904029" lon="-64.95072200000017"><ele>1534.011</ele><time>2025-04-19T18:42:39Z</time></trkpt><trkpt lat="-31.903987" lon="-64.95074400000017"><ele>1533.809</ele><time>2025-04-19T18:42:45Z</time></trkpt><trkpt lat="-31.903964000000002" lon="-64.95079200000018"><ele>1532.917</ele><time>2025-04-19T18:42:52Z</time></trkpt><trkpt lat="-31.903922" lon="-64.95081400000018"><ele>1532.645</ele><time>2025-04-19T18:42:58Z</time></trkpt><trkpt lat="-31.903877" lon="-64.95083600000018"><ele>1532.474</ele><time>2025-04-19T18:43:06Z</time></trkpt><trkpt lat="-31.903829" lon="-64.95084100000018"><ele>1532.524</ele><time>2025-04-19T18:43:16Z</time></trkpt><trkpt lat="-31.903787" lon="-64.95086400000018"><ele>1532.440</ele><time>2025-04-19T18:43:25Z</time></trkpt><trkpt lat="-31.903755" lon="-64.95090700000019"><ele>1531.932</ele><time>2025-04-19T18:43:35Z</time></trkpt><trkpt lat="-31.903717" lon="-64.95093900000019"><ele>1531.423</ele><time>2025-04-19T18:43:44Z</time></trkpt><trkpt lat="-31.90368" lon="-64.9509760000002"><ele>1530.857</ele><time>2025-04-19T18:43:52Z</time></trkpt><trkpt lat="-31.903568" lon="-64.95106800000019"><ele>1528.764</ele><time>2025-04-19T18:44:27Z</time></trkpt><trkpt lat="-31.90352" lon="-64.95107300000019"><ele>1528.497</ele><time>2025-04-19T18:44:47Z</time></trkpt><trkpt lat="-31.903427" lon="-64.95114100000019"><ele>1526.123</ele><time>2025-04-19T18:45:25Z</time></trkpt><trkpt lat="-31.903385" lon="-64.95116600000019"><ele>1525.025</ele><time>2025-04-19T18:45:32Z</time></trkpt><trkpt lat="-31.90334" lon="-64.95117100000019"><ele>1524.509</ele><time>2025-04-19T18:45:41Z</time></trkpt><trkpt lat="-31.90326" lon="-64.95120400000019"><ele>1525.741</ele><time>2025-04-19T18:46:02Z</time></trkpt><trkpt lat="-31.903212" lon="-64.9512070000002"><ele>1527.159</ele><time>2025-04-19T18:46:11Z</time></trkpt><trkpt lat="-31.903165" lon="-64.95121500000019"><ele>1528.498</ele><time>2025-04-19T18:46:23Z</time></trkpt><trkpt lat="-31.903122" lon="-64.9512300000002"><ele>1529.268</ele><time>2025-04-19T18:46:32Z</time></trkpt><trkpt lat="-31.903084" lon="-64.9512630000002"><ele>1529.424</ele><time>2025-04-19T18:46:41Z</time></trkpt><trkpt lat="-31.903044" lon="-64.9512910000002"><ele>1529.736</ele><time>2025-04-19T18:46:47Z</time></trkpt><trkpt lat="-31.902999" lon="-64.95130400000019"><ele>1530.717</ele><time>2025-04-19T18:46:53Z</time></trkpt><trkpt lat="-31.902951" lon="-64.95131700000019"><ele>1531.861</ele><time>2025-04-19T18:47:01Z</time></trkpt><trkpt lat="-31.902901" lon="-64.95133000000018"><ele>1532.928</ele><time>2025-04-19T18:47:07Z</time></trkpt><trkpt lat="-31.902851" lon="-64.95133500000019"><ele>1534.379</ele><time>2025-04-19T18:47:13Z</time></trkpt><trkpt lat="-31.902804" lon="-64.95134200000018"><ele>1535.505</ele><time>2025-04-19T18:47:18Z</time></trkpt><trkpt lat="-31.902751" lon="-64.95133200000018"><ele>1537.525</ele><time>2025-04-19T18:47:24Z</time></trkpt><trkpt lat="-31.902703" lon="-64.95130500000018"><ele>1539.909</ele><time>2025-04-19T18:47:30Z</time></trkpt><trkpt lat="-31.902656" lon="-64.95128300000017"><ele>1542.079</ele><time>2025-04-19T18:47:35Z</time></trkpt><trkpt lat="-31.902613" lon="-64.95124600000017"><ele>1544.647</ele><time>2025-04-19T18:47:41Z</time></trkpt><trkpt lat="-31.902573" lon="-64.95122100000017"><ele>1546.786</ele><time>2025-04-19T18:47:45Z</time></trkpt><trkpt lat="-31.902533000000002" lon="-64.95118400000017"><ele>1549.256</ele><time>2025-04-19T18:47:50Z</time></trkpt><trkpt lat="-31.902498" lon="-64.95114100000016"><ele>1551.782</ele><time>2025-04-19T18:47:55Z</time></trkpt><trkpt lat="-31.902463" lon="-64.95109600000016"><ele>1553.394</ele><time>2025-04-19T18:48:01Z</time></trkpt><trkpt lat="-31.902448" lon="-64.95104600000016"><ele>1555.055</ele><time>2025-04-19T18:48:08Z</time></trkpt><trkpt lat="-31.902426" lon="-64.95099300000017"><ele>1556.859</ele><time>2025-04-19T18:48:15Z</time></trkpt><trkpt lat="-31.902390999999998" lon="-64.95095100000017"><ele>1558.246</ele><time>2025-04-19T18:48:26Z</time></trkpt><trkpt lat="-31.902345999999998" lon="-64.95092900000017"><ele>1559.052</ele><time>2025-04-19T18:48:32Z</time></trkpt><trkpt lat="-31.902313" lon="-64.95088200000018"><ele>1560.653</ele><time>2025-04-19T18:48:37Z</time></trkpt><trkpt lat="-31.9023" lon="-64.95082900000018"><ele>1562.408</ele><time>2025-04-19T18:48:44Z</time></trkpt><trkpt lat="-31.902252" lon="-64.95071700000018"><ele>1566.409</ele><time>2025-04-19T18:49:17Z</time></trkpt><trkpt lat="-31.902232" lon="-64.95066900000018"><ele>1568.187</ele><time>2025-04-19T18:49:23Z</time></trkpt><trkpt lat="-31.902187" lon="-64.95063100000017"><ele>1569.455</ele><time>2025-04-19T18:49:36Z</time></trkpt><trkpt lat="-31.902147000000003" lon="-64.95059900000017"><ele>1570.544</ele><time>2025-04-19T18:49:45Z</time></trkpt><trkpt lat="-31.902105000000002" lon="-64.95056600000017"><ele>1571.754</ele><time>2025-04-19T18:49:52Z</time></trkpt><trkpt lat="-31.902072000000004" lon="-64.95052300000016"><ele>1573.160</ele><time>2025-04-19T18:49:59Z</time></trkpt><trkpt lat="-31.902052000000005" lon="-64.95047100000016"><ele>1574.822</ele><time>2025-04-19T18:50:05Z</time></trkpt><trkpt lat="-31.902025000000005" lon="-64.95042400000017"><ele>1576.433</ele><time>2025-04-19T18:50:10Z</time></trkpt><trkpt lat="-31.901988000000006" lon="-64.95038700000016"><ele>1577.687</ele><time>2025-04-19T18:50:17Z</time></trkpt><trkpt lat="-31.901955000000008" lon="-64.95035000000016"><ele>1578.794</ele><time>2025-04-19T18:50:25Z</time></trkpt><trkpt lat="-31.901912000000006" lon="-64.95032500000016"><ele>1579.526</ele><time>2025-04-19T18:50:32Z</time></trkpt><trkpt lat="-31.901860000000006" lon="-64.95031200000017"><ele>1579.847</ele><time>2025-04-19T18:50:40Z</time></trkpt><trkpt lat="-31.901815000000006" lon="-64.95030200000016"><ele>1580.011</ele><time>2025-04-19T18:50:45Z</time></trkpt><trkpt lat="-31.901768000000008" lon="-64.95028400000017"><ele>1580.409</ele><time>2025-04-19T18:50:52Z</time></trkpt><trkpt lat="-31.901713000000008" lon="-64.95026400000016"><ele>1580.924</ele><time>2025-04-19T18:50:58Z</time></trkpt><trkpt lat="-31.90167300000001" lon="-64.95023900000017"><ele>1581.652</ele><time>2025-04-19T18:51:05Z</time></trkpt><trkpt lat="-31.901623000000008" lon="-64.95023200000017"><ele>1580.991</ele><time>2025-04-19T18:51:14Z</time></trkpt><trkpt lat="-31.901571000000008" lon="-64.95022400000018"><ele>1580.141</ele><time>2025-04-19T18:51:20Z</time></trkpt><trkpt lat="-31.901523000000008" lon="-64.95021200000018"><ele>1579.517</ele><time>2025-04-19T18:51:28Z</time></trkpt><trkpt lat="-31.901480000000006" lon="-64.95019400000018"><ele>1579.159</ele><time>2025-04-19T18:51:33Z</time></trkpt><trkpt lat="-31.901433000000008" lon="-64.95019700000019"><ele>1578.140</ele><time>2025-04-19T18:51:42Z</time></trkpt><trkpt lat="-31.90138500000001" lon="-64.95019000000019"><ele>1577.344</ele><time>2025-04-19T18:51:50Z</time></trkpt><trkpt lat="-31.90133000000001" lon="-64.95020300000019"><ele>1575.991</ele><time>2025-04-19T18:52:05Z</time></trkpt><trkpt lat="-31.90128500000001" lon="-64.95019600000019"><ele>1575.183</ele><time>2025-04-19T18:52:16Z</time></trkpt><trkpt lat="-31.90124000000001" lon="-64.95018600000019"><ele>1574.425</ele><time>2025-04-19T18:52:25Z</time></trkpt><trkpt lat="-31.90118800000001" lon="-64.95018300000018"><ele>1573.417</ele><time>2025-04-19T18:52:34Z</time></trkpt><trkpt lat="-31.90114300000001" lon="-64.95018300000018"><ele>1572.509</ele><time>2025-04-19T18:52:44Z</time></trkpt><trkpt lat="-31.901101000000008" lon="-64.95020800000017"><ele>1571.170</ele><time>2025-04-19T18:52:51Z</time></trkpt><trkpt lat="-31.901056000000008" lon="-64.95021300000018"><ele>1570.128</ele><time>2025-04-19T18:53:00Z</time></trkpt><trkpt lat="-31.90100900000001" lon="-64.95024000000018"><ele>1568.757</ele><time>2025-04-19T18:53:44Z</time></trkpt><trkpt lat="-31.90096100000001" lon="-64.95025200000018"><ele>1567.547</ele><time>2025-04-19T18:53:51Z</time></trkpt><trkpt lat="-31.900918000000008" lon="-64.95027500000018"><ele>1566.343</ele><time>2025-04-19T18:53:57Z</time></trkpt><trkpt lat="-31.900863000000008" lon="-64.95030200000018"><ele>1564.885</ele><time>2025-04-19T18:54:15Z</time></trkpt><trkpt lat="-31.900851000000007" lon="-64.95036000000017"><ele>1563.756</ele><time>2025-04-19T18:58:55Z</time></trkpt><trkpt lat="-31.900866000000008" lon="-64.95029700000018"><ele>1565.070</ele><time>2025-04-19T19:00:25Z</time></trkpt><trkpt lat="-31.900828000000008" lon="-64.95036000000017"><ele>1563.497</ele><time>2025-04-19T19:12:33Z</time></trkpt><trkpt lat="-31.900820000000007" lon="-64.95030500000017"><ele>1564.376</ele><time>2025-04-19T19:19:14Z</time></trkpt><trkpt lat="-31.900830000000006" lon="-64.95025200000018"><ele>1565.190</ele><time>2025-04-19T19:19:29Z</time></trkpt><trkpt lat="-31.900815000000005" lon="-64.95019200000017"><ele>1566.019</ele><time>2025-04-19T19:19:34Z</time></trkpt><trkpt lat="-31.900810000000003" lon="-64.95013700000017"><ele>1566.909</ele><time>2025-04-19T19:19:39Z</time></trkpt><trkpt lat="-31.900802000000002" lon="-64.95007400000017"><ele>1567.889</ele><time>2025-04-19T19:19:44Z</time></trkpt><trkpt lat="-31.900804" lon="-64.95001600000018"><ele>1568.767</ele><time>2025-04-19T19:19:50Z</time></trkpt><trkpt lat="-31.900804" lon="-64.94996300000018"><ele>1569.576</ele><time>2025-04-19T19:19:55Z</time></trkpt><trkpt lat="-31.900786" lon="-64.94990600000018"><ele>1570.436</ele><time>2025-04-19T19:20:00Z</time></trkpt><trkpt lat="-31.900779" lon="-64.94984400000018"><ele>1571.462</ele><time>2025-04-19T19:20:07Z</time></trkpt><trkpt lat="-31.900762" lon="-64.94979400000018"><ele>1572.264</ele><time>2025-04-19T19:20:14Z</time></trkpt><trkpt lat="-31.900747" lon="-64.94974200000019"><ele>1573.035</ele><time>2025-04-19T19:20:24Z</time></trkpt><trkpt lat="-31.900738999999998" lon="-64.94968700000018"><ele>1573.989</ele><time>2025-04-19T19:20:30Z</time></trkpt><trkpt lat="-31.900726" lon="-64.94963500000019"><ele>1574.616</ele><time>2025-04-19T19:20:37Z</time></trkpt><trkpt lat="-31.900713" lon="-64.94958300000019"><ele>1575.487</ele><time>2025-04-19T19:20:45Z</time></trkpt><trkpt lat="-31.900693" lon="-64.9495250000002"><ele>1576.342</ele><time>2025-04-19T19:20:54Z</time></trkpt><trkpt lat="-31.900695" lon="-64.9494670000002"><ele>1577.226</ele><time>2025-04-19T19:21:00Z</time></trkpt><trkpt lat="-31.900702" lon="-64.94940700000019"><ele>1578.209</ele><time>2025-04-19T19:21:07Z</time></trkpt><trkpt lat="-31.900685" lon="-64.94934000000019"><ele>1579.250</ele><time>2025-04-19T19:21:13Z</time></trkpt><trkpt lat="-31.900662" lon="-64.9492930000002"><ele>1579.818</ele><time>2025-04-19T19:21:17Z</time></trkpt><trkpt lat="-31.900634" lon="-64.94924500000019"><ele>1580.357</ele><time>2025-04-19T19:21:23Z</time></trkpt><trkpt lat="-31.900617" lon="-64.94919500000019"><ele>1581.037</ele><time>2025-04-19T19:21:32Z</time></trkpt><trkpt lat="-31.900582" lon="-64.94916000000019"><ele>1581.373</ele><time>2025-04-19T19:21:38Z</time></trkpt><trkpt lat="-31.900547" lon="-64.94911500000019"><ele>1581.875</ele><time>2025-04-19T19:21:43Z</time></trkpt><trkpt lat="-31.900524" lon="-64.94906700000018"><ele>1582.546</ele><time>2025-04-19T19:21:57Z</time></trkpt><trkpt lat="-31.900519" lon="-64.94900700000018"><ele>1583.440</ele><time>2025-04-19T19:22:02Z</time></trkpt><trkpt lat="-31.900527" lon="-64.94895400000019"><ele>1584.497</ele><time>2025-04-19T19:22:09Z</time></trkpt><trkpt lat="-31.900495" lon="-64.94890900000019"><ele>1584.836</ele><time>2025-04-19T19:22:17Z</time></trkpt><trkpt lat="-31.900485" lon="-64.94885200000019"><ele>1585.617</ele><time>2025-04-19T19:22:31Z</time></trkpt><trkpt lat="-31.900472" lon="-64.94880000000019"><ele>1586.418</ele><time>2025-04-19T19:22:40Z</time></trkpt><trkpt lat="-31.900439000000002" lon="-64.94876000000019"><ele>1586.609</ele><time>2025-04-19T19:22:47Z</time></trkpt><trkpt lat="-31.900394000000002" lon="-64.9487420000002"><ele>1586.495</ele><time>2025-04-19T19:22:55Z</time></trkpt><trkpt lat="-31.900352" lon="-64.9487170000002"><ele>1586.243</ele><time>2025-04-19T19:23:04Z</time></trkpt><trkpt lat="-31.90033" lon="-64.9486650000002"><ele>1586.752</ele><time>2025-04-19T19:23:12Z</time></trkpt><trkpt lat="-31.900293" lon="-64.9486330000002"><ele>1586.712</ele><time>2025-04-19T19:23:21Z</time></trkpt><trkpt lat="-31.90025" lon="-64.9486050000002"><ele>1586.588</ele><time>2025-04-19T19:23:27Z</time></trkpt><trkpt lat="-31.900228" lon="-64.9485580000002"><ele>1586.860</ele><time>2025-04-19T19:23:33Z</time></trkpt><trkpt lat="-31.900119999999998" lon="-64.9484930000002"><ele>1586.111</ele><time>2025-04-19T19:24:00Z</time></trkpt><trkpt lat="-31.900074999999998" lon="-64.9484800000002"><ele>1585.575</ele><time>2025-04-19T19:24:09Z</time></trkpt><trkpt lat="-31.900028" lon="-64.9485080000002"><ele>1584.522</ele><time>2025-04-19T19:24:24Z</time></trkpt><trkpt lat="-31.89998" lon="-64.9485130000002"><ele>1584.425</ele><time>2025-04-19T19:24:32Z</time></trkpt><trkpt lat="-31.89994" lon="-64.9484850000002"><ele>1585.326</ele><time>2025-04-19T19:24:43Z</time></trkpt><trkpt lat="-31.899883" lon="-64.9484420000002"><ele>1586.708</ele><time>2025-04-19T19:24:55Z</time></trkpt><trkpt lat="-31.899841" lon="-64.94842200000019"><ele>1587.709</ele><time>2025-04-19T19:25:03Z</time></trkpt><trkpt lat="-31.899812999999998" lon="-64.9483700000002"><ele>1588.964</ele><time>2025-04-19T19:25:11Z</time></trkpt><trkpt lat="-31.899803" lon="-64.9483170000002"><ele>1589.932</ele><time>2025-04-19T19:25:18Z</time></trkpt><trkpt lat="-31.899766" lon="-64.9482850000002"><ele>1591.351</ele><time>2025-04-19T19:25:26Z</time></trkpt><trkpt lat="-31.899733" lon="-64.9481950000002"><ele>1593.861</ele><time>2025-04-19T19:25:48Z</time></trkpt><trkpt lat="-31.899756" lon="-64.9481480000002"><ele>1594.437</ele><time>2025-04-19T19:25:57Z</time></trkpt><trkpt lat="-31.899764" lon="-64.9480860000002"><ele>1595.629</ele><time>2025-04-19T19:26:04Z</time></trkpt><trkpt lat="-31.899756" lon="-64.9480260000002"><ele>1597.120</ele><time>2025-04-19T19:26:13Z</time></trkpt><trkpt lat="-31.899766" lon="-64.9479740000002"><ele>1598.084</ele><time>2025-04-19T19:26:21Z</time></trkpt><trkpt lat="-31.899771" lon="-64.94784200000021"><ele>1600.811</ele><time>2025-04-19T19:26:48Z</time></trkpt><trkpt lat="-31.899786000000002" lon="-64.94776700000021"><ele>1602.118</ele><time>2025-04-19T19:27:04Z</time></trkpt><trkpt lat="-31.899808000000004" lon="-64.94771500000022"><ele>1602.898</ele><time>2025-04-19T19:27:12Z</time></trkpt><trkpt lat="-31.899850000000004" lon="-64.94766200000022"><ele>1603.017</ele><time>2025-04-19T19:27:28Z</time></trkpt><trkpt lat="-31.899878000000005" lon="-64.94761700000022"><ele>1603.309</ele><time>2025-04-19T19:27:37Z</time></trkpt><trkpt lat="-31.899893000000006" lon="-64.94748000000023"><ele>1605.913</ele><time>2025-04-19T19:28:03Z</time></trkpt><trkpt lat="-31.899926000000004" lon="-64.94737500000022"><ele>1607.881</ele><time>2025-04-19T19:28:34Z</time></trkpt><trkpt lat="-31.899963000000003" lon="-64.94734200000022"><ele>1607.840</ele><time>2025-04-19T19:28:42Z</time></trkpt><trkpt lat="-31.900000000000002" lon="-64.94729700000022"><ele>1608.150</ele><time>2025-04-19T19:28:50Z</time></trkpt><trkpt lat="-31.900033" lon="-64.94725700000022"><ele>1609.476</ele><time>2025-04-19T19:28:57Z</time></trkpt><trkpt lat="-31.900051" lon="-64.94719500000022"><ele>1611.188</ele><time>2025-04-19T19:29:04Z</time></trkpt><trkpt lat="-31.900086" lon="-64.94709300000022"><ele>1613.929</ele><time>2025-04-19T19:29:27Z</time></trkpt><trkpt lat="-31.900108000000003" lon="-64.94704000000023"><ele>1615.463</ele><time>2025-04-19T19:29:34Z</time></trkpt><trkpt lat="-31.900133000000004" lon="-64.94699200000022"><ele>1616.760</ele><time>2025-04-19T19:29:44Z</time></trkpt><trkpt lat="-31.900156000000003" lon="-64.94693000000022"><ele>1618.356</ele><time>2025-04-19T19:29:54Z</time></trkpt><trkpt lat="-31.900178000000004" lon="-64.94687300000022"><ele>1619.859</ele><time>2025-04-19T19:30:01Z</time></trkpt><trkpt lat="-31.900210000000005" lon="-64.94682800000022"><ele>1621.014</ele><time>2025-04-19T19:30:08Z</time></trkpt><trkpt lat="-31.900238000000005" lon="-64.94678300000022"><ele>1622.209</ele><time>2025-04-19T19:30:16Z</time></trkpt><trkpt lat="-31.900256000000006" lon="-64.94672100000022"><ele>1623.717</ele><time>2025-04-19T19:30:26Z</time></trkpt><trkpt lat="-31.900311000000006" lon="-64.94660800000023"><ele>1626.825</ele><time>2025-04-19T19:31:09Z</time></trkpt><trkpt lat="-31.900331000000005" lon="-64.94655600000023"><ele>1628.494</ele><time>2025-04-19T19:31:18Z</time></trkpt><trkpt lat="-31.900338000000005" lon="-64.94646400000023"><ele>1631.064</ele><time>2025-04-19T19:31:31Z</time></trkpt><trkpt lat="-31.900338000000005" lon="-64.94641100000024"><ele>1632.530</ele><time>2025-04-19T19:31:39Z</time></trkpt><trkpt lat="-31.900356000000006" lon="-64.94635600000024"><ele>1634.252</ele><time>2025-04-19T19:31:50Z</time></trkpt><trkpt lat="-31.900384000000006" lon="-64.94629900000024"><ele>1636.193</ele><time>2025-04-19T19:31:57Z</time></trkpt><trkpt lat="-31.900402000000007" lon="-64.94624600000024"><ele>1637.897</ele><time>2025-04-19T19:32:03Z</time></trkpt><trkpt lat="-31.900419000000007" lon="-64.94619400000025"><ele>1639.474</ele><time>2025-04-19T19:32:10Z</time></trkpt><trkpt lat="-31.900441000000008" lon="-64.94613900000024"><ele>1641.278</ele><time>2025-04-19T19:32:18Z</time></trkpt><trkpt lat="-31.90047300000001" lon="-64.94609900000025"><ele>1642.733</ele><time>2025-04-19T19:32:23Z</time></trkpt><trkpt lat="-31.900496000000008" lon="-64.94604600000025"><ele>1644.526</ele><time>2025-04-19T19:32:28Z</time></trkpt><trkpt lat="-31.900516000000007" lon="-64.94598800000026"><ele>1646.509</ele><time>2025-04-19T19:32:34Z</time></trkpt><trkpt lat="-31.900541000000008" lon="-64.94593800000025"><ele>1648.399</ele><time>2025-04-19T19:32:39Z</time></trkpt><trkpt lat="-31.900561000000007" lon="-64.94588500000026"><ele>1650.137</ele><time>2025-04-19T19:32:45Z</time></trkpt><trkpt lat="-31.900586000000008" lon="-64.94583000000026"><ele>1652.196</ele><time>2025-04-19T19:32:51Z</time></trkpt><trkpt lat="-31.900596000000007" lon="-64.94574300000026"><ele>1654.616</ele><time>2025-04-19T19:33:57Z</time></trkpt><trkpt lat="-31.900633000000006" lon="-64.94571000000026"><ele>1656.032</ele><time>2025-04-19T19:34:08Z</time></trkpt><trkpt lat="-31.900663000000005" lon="-64.94565800000026"><ele>1657.814</ele><time>2025-04-19T19:34:15Z</time></trkpt><trkpt lat="-31.900685000000006" lon="-64.94560800000026"><ele>1659.445</ele><time>2025-04-19T19:34:20Z</time></trkpt><trkpt lat="-31.900700000000008" lon="-64.94555000000027"><ele>1661.229</ele><time>2025-04-19T19:34:25Z</time></trkpt><trkpt lat="-31.90071200000001" lon="-64.94549200000027"><ele>1663.056</ele><time>2025-04-19T19:34:30Z</time></trkpt><trkpt lat="-31.90073700000001" lon="-64.94544400000026"><ele>1664.643</ele><time>2025-04-19T19:34:36Z</time></trkpt><trkpt lat="-31.90075500000001" lon="-64.94539400000026"><ele>1666.264</ele><time>2025-04-19T19:34:42Z</time></trkpt><trkpt lat="-31.90075500000001" lon="-64.94534100000027"><ele>1667.610</ele><time>2025-04-19T19:34:50Z</time></trkpt><trkpt lat="-31.900777000000012" lon="-64.94528800000028"><ele>1669.409</ele><time>2025-04-19T19:35:00Z</time></trkpt><trkpt lat="-31.900792000000013" lon="-64.94523600000028"><ele>1671.026</ele><time>2025-04-19T19:35:07Z</time></trkpt><trkpt lat="-31.900810000000014" lon="-64.94518400000028"><ele>1672.694</ele><time>2025-04-19T19:35:16Z</time></trkpt><trkpt lat="-31.900832000000015" lon="-64.94513600000028"><ele>1674.263</ele><time>2025-04-19T19:35:27Z</time></trkpt><trkpt lat="-31.900854000000017" lon="-64.94508300000028"><ele>1676.713</ele><time>2025-04-19T19:35:37Z</time></trkpt><trkpt lat="-31.90085900000002" lon="-64.94502600000028"><ele>1678.519</ele><time>2025-04-19T19:35:46Z</time></trkpt><trkpt lat="-31.900872000000017" lon="-64.94495100000029"><ele>1681.321</ele><time>2025-04-19T19:36:02Z</time></trkpt><trkpt lat="-31.900852000000018" lon="-64.94490100000029"><ele>1681.952</ele><time>2025-04-19T19:36:18Z</time></trkpt><trkpt lat="-31.900799000000017" lon="-64.94490900000028"><ele>1680.366</ele><time>2025-04-19T19:36:31Z</time></trkpt><trkpt lat="-31.900761000000017" lon="-64.94493700000028"><ele>1679.013</ele><time>2025-04-19T19:36:37Z</time></trkpt><trkpt lat="-31.900716000000017" lon="-64.94492400000028"><ele>1678.882</ele><time>2025-04-19T19:36:53Z</time></trkpt><trkpt lat="-31.900686000000018" lon="-64.94488100000028"><ele>1679.743</ele><time>2025-04-19T19:37:02Z</time></trkpt><trkpt lat="-31.900661000000017" lon="-64.94482900000028"><ele>1680.917</ele><time>2025-04-19T19:37:10Z</time></trkpt><trkpt lat="-31.90067300000002" lon="-64.94477600000029"><ele>1682.509</ele><time>2025-04-19T19:37:18Z</time></trkpt><trkpt lat="-31.90069100000002" lon="-64.94471900000029"><ele>1684.460</ele><time>2025-04-19T19:37:26Z</time></trkpt><trkpt lat="-31.90070400000002" lon="-64.94465700000029"><ele>1686.428</ele><time>2025-04-19T19:37:32Z</time></trkpt><trkpt lat="-31.900699000000017" lon="-64.94460200000029"><ele>1687.947</ele><time>2025-04-19T19:37:38Z</time></trkpt><trkpt lat="-31.90071400000002" lon="-64.94454500000029"><ele>1689.877</ele><time>2025-04-19T19:37:44Z</time></trkpt><trkpt lat="-31.900724000000018" lon="-64.94449300000029"><ele>1691.593</ele><time>2025-04-19T19:37:49Z</time></trkpt><trkpt lat="-31.900731000000018" lon="-64.9444360000003"><ele>1693.315</ele><time>2025-04-19T19:37:54Z</time></trkpt><trkpt lat="-31.90075300000002" lon="-64.94438100000029"><ele>1695.256</ele><time>2025-04-19T19:38:00Z</time></trkpt><trkpt lat="-31.90076000000002" lon="-64.94432600000029"><ele>1697.070</ele><time>2025-04-19T19:38:06Z</time></trkpt><trkpt lat="-31.90079000000002" lon="-64.94427400000029"><ele>1699.097</ele><time>2025-04-19T19:38:15Z</time></trkpt><trkpt lat="-31.900800000000018" lon="-64.94421200000029"><ele>1701.138</ele><time>2025-04-19T19:38:22Z</time></trkpt><trkpt lat="-31.90079800000002" lon="-64.9441490000003"><ele>1703.070</ele><time>2025-04-19T19:38:28Z</time></trkpt><trkpt lat="-31.90079800000002" lon="-64.94409400000029"><ele>1704.917</ele><time>2025-04-19T19:38:43Z</time></trkpt><trkpt lat="-31.90082100000002" lon="-64.94404400000029"><ele>1707.009</ele><time>2025-04-19T19:38:50Z</time></trkpt><trkpt lat="-31.900838000000018" lon="-64.94398900000029"><ele>1709.445</ele><time>2025-04-19T19:38:57Z</time></trkpt><trkpt lat="-31.90083600000002" lon="-64.94393200000029"><ele>1711.363</ele><time>2025-04-19T19:39:05Z</time></trkpt><trkpt lat="-31.90084400000002" lon="-64.94387400000029"><ele>1713.722</ele><time>2025-04-19T19:39:16Z</time></trkpt><trkpt lat="-31.90085400000002" lon="-64.94381900000029"><ele>1716.152</ele><time>2025-04-19T19:39:23Z</time></trkpt><trkpt lat="-31.90086200000002" lon="-64.94376400000029"><ele>1718.318</ele><time>2025-04-19T19:39:28Z</time></trkpt><trkpt lat="-31.90086900000002" lon="-64.94370700000029"><ele>1720.620</ele><time>2025-04-19T19:39:35Z</time></trkpt><trkpt lat="-31.90087900000002" lon="-64.94364900000029"><ele>1723.131</ele><time>2025-04-19T19:39:42Z</time></trkpt><trkpt lat="-31.90089600000002" lon="-64.9435910000003"><ele>1725.895</ele><time>2025-04-19T19:39:50Z</time></trkpt><trkpt lat="-31.90092800000002" lon="-64.9435460000003"><ele>1728.782</ele><time>2025-04-19T19:39:58Z</time></trkpt><trkpt lat="-31.900940000000023" lon="-64.9434910000003"><ele>1731.012</ele><time>2025-04-19T19:40:04Z</time></trkpt><trkpt lat="-31.900950000000023" lon="-64.9434390000003"><ele>1733.132</ele><time>2025-04-19T19:40:10Z</time></trkpt><trkpt lat="-31.900967000000023" lon="-64.9433590000003"><ele>1736.505</ele><time>2025-04-19T19:40:25Z</time></trkpt><trkpt lat="-31.900975000000024" lon="-64.9433020000003"><ele>1738.309</ele><time>2025-04-19T19:40:36Z</time></trkpt><trkpt lat="-31.900970000000022" lon="-64.9432400000003"><ele>1739.583</ele><time>2025-04-19T19:40:42Z</time></trkpt><trkpt lat="-31.90094800000002" lon="-64.9431930000003"><ele>1739.681</ele><time>2025-04-19T19:40:47Z</time></trkpt><trkpt lat="-31.90092800000002" lon="-64.94314100000031"><ele>1740.020</ele><time>2025-04-19T19:40:56Z</time></trkpt><trkpt lat="-31.900895000000023" lon="-64.9430980000003"><ele>1739.610</ele><time>2025-04-19T19:41:07Z</time></trkpt><trkpt lat="-31.900862000000025" lon="-64.9430610000003"><ele>1739.036</ele><time>2025-04-19T19:41:16Z</time></trkpt><trkpt lat="-31.900892000000024" lon="-64.9430030000003"><ele>1741.598</ele><time>2025-04-19T19:41:30Z</time></trkpt><trkpt lat="-31.900900000000025" lon="-64.94295000000031"><ele>1743.059</ele><time>2025-04-19T19:41:36Z</time></trkpt><trkpt lat="-31.900932000000026" lon="-64.9429120000003"><ele>1745.113</ele><time>2025-04-19T19:41:46Z</time></trkpt><trkpt lat="-31.900935000000025" lon="-64.94285900000031"><ele>1746.440</ele><time>2025-04-19T19:41:53Z</time></trkpt><trkpt lat="-31.900960000000026" lon="-64.94281200000032"><ele>1748.558</ele><time>2025-04-19T19:42:04Z</time></trkpt><trkpt lat="-31.900970000000026" lon="-64.94275900000032"><ele>1750.052</ele><time>2025-04-19T19:42:11Z</time></trkpt><trkpt lat="-31.900960000000026" lon="-64.94270400000032"><ele>1750.817</ele><time>2025-04-19T19:42:17Z</time></trkpt><trkpt lat="-31.900972000000028" lon="-64.94264900000032"><ele>1752.509</ele><time>2025-04-19T19:42:31Z</time></trkpt><trkpt lat="-31.900960000000026" lon="-64.94258900000031"><ele>1753.427</ele><time>2025-04-19T19:42:39Z</time></trkpt><trkpt lat="-31.900942000000025" lon="-64.94253900000031"><ele>1753.785</ele><time>2025-04-19T19:42:46Z</time></trkpt><trkpt lat="-31.900912000000027" lon="-64.94249700000032"><ele>1753.494</ele><time>2025-04-19T19:42:55Z</time></trkpt><trkpt lat="-31.900922000000026" lon="-64.94243200000031"><ele>1755.284</ele><time>2025-04-19T19:43:49Z</time></trkpt><trkpt lat="-31.900887000000026" lon="-64.94238700000031"><ele>1754.880</ele><time>2025-04-19T19:43:55Z</time></trkpt><trkpt lat="-31.900864000000027" lon="-64.94234000000031"><ele>1754.972</ele><time>2025-04-19T19:43:59Z</time></trkpt><trkpt lat="-31.900856000000026" lon="-64.94228000000031"><ele>1755.963</ele><time>2025-04-19T19:44:05Z</time></trkpt><trkpt lat="-31.900853000000026" lon="-64.94222200000031"><ele>1757.147</ele><time>2025-04-19T19:44:10Z</time></trkpt><trkpt lat="-31.900846000000026" lon="-64.94216700000031"><ele>1758.114</ele><time>2025-04-19T19:44:15Z</time></trkpt><trkpt lat="-31.900831000000025" lon="-64.9421070000003"><ele>1758.934</ele><time>2025-04-19T19:44:21Z</time></trkpt><trkpt lat="-31.900808000000026" lon="-64.94205000000031"><ele>1759.455</ele><time>2025-04-19T19:44:25Z</time></trkpt><trkpt lat="-31.900796000000025" lon="-64.94198800000031"><ele>1760.410</ele><time>2025-04-19T19:44:32Z</time></trkpt><trkpt lat="-31.900783000000025" lon="-64.9419280000003"><ele>1761.309</ele><time>2025-04-19T19:44:40Z</time></trkpt><trkpt lat="-31.900758000000025" lon="-64.9418780000003"><ele>1761.655</ele><time>2025-04-19T19:44:46Z</time></trkpt><trkpt lat="-31.900743000000023" lon="-64.9418150000003"><ele>1762.563</ele><time>2025-04-19T19:44:51Z</time></trkpt><trkpt lat="-31.900751000000025" lon="-64.94176200000031"><ele>1764.082</ele><time>2025-04-19T19:44:58Z</time></trkpt><trkpt lat="-31.900728000000026" lon="-64.94171500000031"><ele>1764.232</ele><time>2025-04-19T19:45:06Z</time></trkpt><trkpt lat="-31.900751000000025" lon="-64.94166000000031"><ele>1766.248</ele><time>2025-04-19T19:45:15Z</time></trkpt><trkpt lat="-31.900766000000026" lon="-64.94160800000031"><ele>1767.610</ele><time>2025-04-19T19:45:22Z</time></trkpt><trkpt lat="-31.900801000000026" lon="-64.94156600000032"><ele>1769.541</ele><time>2025-04-19T19:45:28Z</time></trkpt><trkpt lat="-31.900811000000026" lon="-64.94150900000032"><ele>1770.835</ele><time>2025-04-19T19:45:35Z</time></trkpt><trkpt lat="-31.900796000000025" lon="-64.94145700000033"><ele>1771.132</ele><time>2025-04-19T19:45:41Z</time></trkpt><trkpt lat="-31.900773000000026" lon="-64.94140900000032"><ele>1771.184</ele><time>2025-04-19T19:45:46Z</time></trkpt><trkpt lat="-31.900753000000027" lon="-64.94135400000032"><ele>1771.207</ele><time>2025-04-19T19:45:52Z</time></trkpt><trkpt lat="-31.900725000000026" lon="-64.94130700000032"><ele>1770.917</ele><time>2025-04-19T19:46:00Z</time></trkpt><trkpt lat="-31.900727000000025" lon="-64.94125000000032"><ele>1771.909</ele><time>2025-04-19T19:46:09Z</time></trkpt><trkpt lat="-31.900720000000025" lon="-64.94118200000032"><ele>1772.650</ele><time>2025-04-19T19:46:24Z</time></trkpt><trkpt lat="-31.900732000000026" lon="-64.94112200000032"><ele>1774.168</ele><time>2025-04-19T19:46:30Z</time></trkpt><trkpt lat="-31.900742000000026" lon="-64.94106900000033"><ele>1775.347</ele><time>2025-04-19T19:46:34Z</time></trkpt><trkpt lat="-31.900774000000027" lon="-64.94102200000033"><ele>1777.467</ele><time>2025-04-19T19:46:39Z</time></trkpt><trkpt lat="-31.900816000000027" lon="-64.94098500000032"><ele>1779.733</ele><time>2025-04-19T19:46:46Z</time></trkpt><trkpt lat="-31.900854000000027" lon="-64.94094200000032"><ele>1782.165</ele><time>2025-04-19T19:46:52Z</time></trkpt><trkpt lat="-31.900892000000027" lon="-64.94090700000032"><ele>1784.346</ele><time>2025-04-19T19:46:57Z</time></trkpt><trkpt lat="-31.90093500000003" lon="-64.94086700000032"><ele>1786.840</ele><time>2025-04-19T19:47:03Z</time></trkpt><trkpt lat="-31.90094000000003" lon="-64.94081400000033"><ele>1787.757</ele><time>2025-04-19T19:47:11Z</time></trkpt><trkpt lat="-31.90095500000003" lon="-64.94076100000034"><ele>1788.693</ele><time>2025-04-19T19:47:20Z</time></trkpt><trkpt lat="-31.900977000000033" lon="-64.94071100000033"><ele>1789.965</ele><time>2025-04-19T19:47:30Z</time></trkpt><trkpt lat="-31.90100000000003" lon="-64.94065600000033"><ele>1791.221</ele><time>2025-04-19T19:47:37Z</time></trkpt><trkpt lat="-31.90101300000003" lon="-64.94058400000033"><ele>1792.209</ele><time>2025-04-19T19:47:45Z</time></trkpt><trkpt lat="-31.90103300000003" lon="-64.94053600000032"><ele>1793.591</ele><time>2025-04-19T19:47:49Z</time></trkpt><trkpt lat="-31.90105500000003" lon="-64.94048400000032"><ele>1794.869</ele><time>2025-04-19T19:47:57Z</time></trkpt><trkpt lat="-31.90109200000003" lon="-64.94039100000032"><ele>1797.378</ele><time>2025-04-19T19:48:12Z</time></trkpt><trkpt lat="-31.90110700000003" lon="-64.94033600000031"><ele>1798.498</ele><time>2025-04-19T19:48:18Z</time></trkpt><trkpt lat="-31.901125000000032" lon="-64.94022800000032"><ele>1800.124</ele><time>2025-04-19T19:48:35Z</time></trkpt><trkpt lat="-31.901142000000032" lon="-64.94017500000032"><ele>1801.376</ele><time>2025-04-19T19:48:40Z</time></trkpt><trkpt lat="-31.90113700000003" lon="-64.94011700000033"><ele>1801.567</ele><time>2025-04-19T19:48:45Z</time></trkpt><trkpt lat="-31.90116400000003" lon="-64.94006400000033"><ele>1803.471</ele><time>2025-04-19T19:48:50Z</time></trkpt><trkpt lat="-31.90118200000003" lon="-64.94001100000034"><ele>1804.788</ele><time>2025-04-19T19:48:55Z</time></trkpt><trkpt lat="-31.90119000000003" lon="-64.93995400000034"><ele>1805.253</ele><time>2025-04-19T19:49:03Z</time></trkpt><trkpt lat="-31.90120000000003" lon="-64.93989400000034"><ele>1805.704</ele><time>2025-04-19T19:49:12Z</time></trkpt><trkpt lat="-31.901232000000032" lon="-64.93984900000034"><ele>1807.414</ele><time>2025-04-19T19:49:22Z</time></trkpt><trkpt lat="-31.90125200000003" lon="-64.93979200000034"><ele>1808.509</ele><time>2025-04-19T19:49:27Z</time></trkpt><trkpt lat="-31.901270000000032" lon="-64.93974200000034"><ele>1809.477</ele><time>2025-04-19T19:49:32Z</time></trkpt><trkpt lat="-31.90125500000003" lon="-64.93968900000034"><ele>1808.615</ele><time>2025-04-19T19:49:37Z</time></trkpt><trkpt lat="-31.90126500000003" lon="-64.93963100000035"><ele>1809.184</ele><time>2025-04-19T19:49:44Z</time></trkpt><trkpt lat="-31.90128300000003" lon="-64.93957300000035"><ele>1810.194</ele><time>2025-04-19T19:49:50Z</time></trkpt><trkpt lat="-31.901305000000033" lon="-64.93952600000036"><ele>1811.350</ele><time>2025-04-19T19:49:54Z</time></trkpt><trkpt lat="-31.90132800000003" lon="-64.93947800000035"><ele>1812.692</ele><time>2025-04-19T19:50:00Z</time></trkpt><trkpt lat="-31.901336000000033" lon="-64.93942000000035"><ele>1813.053</ele><time>2025-04-19T19:50:08Z</time></trkpt><trkpt lat="-31.901316000000033" lon="-64.93936700000036"><ele>1811.917</ele><time>2025-04-19T19:50:15Z</time></trkpt><trkpt lat="-31.901321000000035" lon="-64.93930700000035"><ele>1812.164</ele><time>2025-04-19T19:50:20Z</time></trkpt><trkpt lat="-31.901308000000036" lon="-64.93924900000036"><ele>1811.471</ele><time>2025-04-19T19:50:27Z</time></trkpt><trkpt lat="-31.901300000000035" lon="-64.93918700000036"><ele>1810.941</ele><time>2025-04-19T19:50:32Z</time></trkpt><trkpt lat="-31.901317000000034" lon="-64.93913700000036"><ele>1811.415</ele><time>2025-04-19T19:50:37Z</time></trkpt><trkpt lat="-31.901305000000033" lon="-64.93908500000036"><ele>1810.109</ele><time>2025-04-19T19:50:42Z</time></trkpt><trkpt lat="-31.90130700000003" lon="-64.93902200000036"><ele>1809.349</ele><time>2025-04-19T19:50:50Z</time></trkpt><trkpt lat="-31.901325000000032" lon="-64.93897000000037"><ele>1809.577</ele><time>2025-04-19T19:50:59Z</time></trkpt><trkpt lat="-31.901322000000032" lon="-64.93891500000036"><ele>1808.676</ele><time>2025-04-19T19:51:08Z</time></trkpt><trkpt lat="-31.901337000000034" lon="-64.93885700000037"><ele>1808.566</ele><time>2025-04-19T19:51:13Z</time></trkpt><trkpt lat="-31.901355000000034" lon="-64.93880500000037"><ele>1808.652</ele><time>2025-04-19T19:51:19Z</time></trkpt><trkpt lat="-31.901358000000034" lon="-64.93874500000037"><ele>1807.844</ele><time>2025-04-19T19:51:27Z</time></trkpt><trkpt lat="-31.901350000000033" lon="-64.93869000000036"><ele>1806.735</ele><time>2025-04-19T19:51:34Z</time></trkpt><trkpt lat="-31.901347000000033" lon="-64.93863200000037"><ele>1805.729</ele><time>2025-04-19T19:51:40Z</time></trkpt><trkpt lat="-31.901340000000033" lon="-64.93857200000036"><ele>1804.536</ele><time>2025-04-19T19:51:46Z</time></trkpt><trkpt lat="-31.901337000000034" lon="-64.93850900000037"><ele>1803.588</ele><time>2025-04-19T19:51:56Z</time></trkpt><trkpt lat="-31.901345000000035" lon="-64.93845400000036"><ele>1803.024</ele><time>2025-04-19T19:52:03Z</time></trkpt><trkpt lat="-31.901345000000035" lon="-64.93840100000037"><ele>1802.226</ele><time>2025-04-19T19:52:09Z</time></trkpt><trkpt lat="-31.901332000000036" lon="-64.93834100000036"><ele>1800.909</ele><time>2025-04-19T19:52:15Z</time></trkpt><trkpt lat="-31.901354000000037" lon="-64.93829100000036"><ele>1800.440</ele><time>2025-04-19T19:52:21Z</time></trkpt><trkpt lat="-31.901391000000036" lon="-64.93825800000036"><ele>1800.758</ele><time>2025-04-19T19:52:29Z</time></trkpt><trkpt lat="-31.901426000000036" lon="-64.93822500000036"><ele>1800.947</ele><time>2025-04-19T19:52:33Z</time></trkpt><trkpt lat="-31.901449000000035" lon="-64.93816500000035"><ele>1800.037</ele><time>2025-04-19T19:52:37Z</time></trkpt><trkpt lat="-31.901477000000035" lon="-64.93812000000035"><ele>1799.673</ele><time>2025-04-19T19:53:03Z</time></trkpt><trkpt lat="-31.901517000000034" lon="-64.93808800000035"><ele>1799.815</ele><time>2025-04-19T19:53:12Z</time></trkpt><trkpt lat="-31.901547000000033" lon="-64.93804800000035"><ele>1799.686</ele><time>2025-04-19T19:53:17Z</time></trkpt><trkpt lat="-31.901569000000034" lon="-64.93799500000036"><ele>1798.670</ele><time>2025-04-19T19:53:24Z</time></trkpt><trkpt lat="-31.901621000000034" lon="-64.93799500000036"><ele>1800.167</ele><time>2025-04-19T19:53:35Z</time></trkpt><trkpt lat="-31.901671000000036" lon="-64.93800000000036"><ele>1801.848</ele><time>2025-04-19T19:53:40Z</time></trkpt><trkpt lat="-31.901721000000038" lon="-64.93796500000036"><ele>1802.861</ele><time>2025-04-19T19:53:46Z</time></trkpt><trkpt lat="-31.901794000000038" lon="-64.93789700000036"><ele>1803.717</ele><time>2025-04-19T19:57:47Z</time></trkpt><trkpt lat="-31.901849000000038" lon="-64.93786900000036"><ele>1805.109</ele><time>2025-04-19T19:57:52Z</time></trkpt><trkpt lat="-31.90189200000004" lon="-64.93781400000036"><ele>1805.246</ele><time>2025-04-19T19:57:59Z</time></trkpt><trkpt lat="-31.90192400000004" lon="-64.93777200000036"><ele>1805.284</ele><time>2025-04-19T19:58:05Z</time></trkpt><trkpt lat="-31.90196100000004" lon="-64.93773200000037"><ele>1805.493</ele><time>2025-04-19T19:58:13Z</time></trkpt><trkpt lat="-31.90199600000004" lon="-64.93769500000036"><ele>1805.733</ele><time>2025-04-19T19:58:17Z</time></trkpt><trkpt lat="-31.90202100000004" lon="-64.93765000000036"><ele>1805.369</ele><time>2025-04-19T19:58:21Z</time></trkpt><trkpt lat="-31.90203600000004" lon="-64.93759700000037"><ele>1804.281</ele><time>2025-04-19T19:58:28Z</time></trkpt><trkpt lat="-31.902061000000042" lon="-64.93754400000037"><ele>1803.552</ele><time>2025-04-19T19:58:36Z</time></trkpt><trkpt lat="-31.90209100000004" lon="-64.93749600000037"><ele>1803.326</ele><time>2025-04-19T19:58:42Z</time></trkpt><trkpt lat="-31.902133000000042" lon="-64.93747100000037"><ele>1804.823</ele><time>2025-04-19T19:58:51Z</time></trkpt><trkpt lat="-31.90218000000004" lon="-64.93747900000037"><ele>1806.719</ele><time>2025-04-19T19:59:04Z</time></trkpt><trkpt lat="-31.90223300000004" lon="-64.93747600000036"><ele>1808.809</ele><time>2025-04-19T19:59:11Z</time></trkpt><trkpt lat="-31.902276000000043" lon="-64.93744600000036"><ele>1810.119</ele><time>2025-04-19T19:59:20Z</time></trkpt><trkpt lat="-31.902343000000045" lon="-64.93741100000037"><ele>1812.209</ele><time>2025-04-19T20:01:17Z</time></trkpt><trkpt lat="-31.902350000000045" lon="-64.93735600000036"><ele>1811.613</ele><time>2025-04-19T20:02:54Z</time></trkpt><trkpt lat="-31.902398000000044" lon="-64.93734300000037"><ele>1813.041</ele><time>2025-04-19T20:03:02Z</time></trkpt><trkpt lat="-31.902430000000045" lon="-64.93730500000036"><ele>1813.440</ele><time>2025-04-19T20:03:07Z</time></trkpt><trkpt lat="-31.902475000000045" lon="-64.93731700000036"><ele>1815.230</ele><time>2025-04-19T20:03:15Z</time></trkpt><trkpt lat="-31.902525000000047" lon="-64.93733500000036"><ele>1817.756</ele><time>2025-04-19T20:03:24Z</time></trkpt><trkpt lat="-31.90253000000005" lon="-64.93727300000036"><ele>1816.558</ele><time>2025-04-19T20:03:40Z</time></trkpt><trkpt lat="-31.90253000000005" lon="-64.93721600000036"><ele>1815.349</ele><time>2025-04-19T20:03:46Z</time></trkpt><trkpt lat="-31.902550000000048" lon="-64.93715600000036"><ele>1814.923</ele><time>2025-04-19T20:03:50Z</time></trkpt><trkpt lat="-31.902545000000046" lon="-64.93710300000036"><ele>1813.460</ele><time>2025-04-19T20:03:58Z</time></trkpt><trkpt lat="-31.902513000000045" lon="-64.93705800000036"><ele>1811.035</ele><time>2025-04-19T20:04:03Z</time></trkpt><trkpt lat="-31.902493000000046" lon="-64.93700300000036"><ele>1809.186</ele><time>2025-04-19T20:04:08Z</time></trkpt><trkpt lat="-31.902503000000046" lon="-64.93695100000036"><ele>1808.314</ele><time>2025-04-19T20:04:14Z</time></trkpt><trkpt lat="-31.902543000000044" lon="-64.93692400000036"><ele>1809.309</ele><time>2025-04-19T20:04:25Z</time></trkpt><trkpt lat="-31.902598000000044" lon="-64.93690200000036"><ele>1811.125</ele><time>2025-04-19T20:04:33Z</time></trkpt><trkpt lat="-31.902651000000045" lon="-64.93692200000037"><ele>1813.813</ele><time>2025-04-19T20:04:39Z</time></trkpt><trkpt lat="-31.902701000000047" lon="-64.93692700000037"><ele>1816.082</ele><time>2025-04-19T20:04:44Z</time></trkpt><trkpt lat="-31.90275100000005" lon="-64.93691700000036"><ele>1817.852</ele><time>2025-04-19T20:04:54Z</time></trkpt><trkpt lat="-31.902761000000048" lon="-64.93686200000036"><ele>1816.818</ele><time>2025-04-19T20:05:01Z</time></trkpt><trkpt lat="-31.902806000000048" lon="-64.93686000000037"><ele>1818.650</ele><time>2025-04-19T20:05:12Z</time></trkpt><trkpt lat="-31.902843000000047" lon="-64.93682500000037"><ele>1819.151</ele><time>2025-04-19T20:05:19Z</time></trkpt><trkpt lat="-31.902858000000048" lon="-64.93677200000037"><ele>1818.255</ele><time>2025-04-19T20:05:28Z</time></trkpt><trkpt lat="-31.90287300000005" lon="-64.93671900000038"><ele>1817.372</ele><time>2025-04-19T20:05:38Z</time></trkpt><trkpt lat="-31.90291800000005" lon="-64.93674200000038"><ele>1819.729</ele><time>2025-04-19T20:05:44Z</time></trkpt><trkpt lat="-31.90295300000005" lon="-64.93670200000038"><ele>1819.900</ele><time>2025-04-19T20:05:53Z</time></trkpt><trkpt lat="-31.90300500000005" lon="-64.93670700000038"><ele>1822.020</ele><time>2025-04-19T20:06:00Z</time></trkpt><trkpt lat="-31.90305000000005" lon="-64.93671500000038"><ele>1824.009</ele><time>2025-04-19T20:06:05Z</time></trkpt><trkpt lat="-31.90310000000005" lon="-64.93670300000038"><ele>1825.574</ele><time>2025-04-19T20:06:10Z</time></trkpt><trkpt lat="-31.90311000000005" lon="-64.93664600000038"><ele>1824.842</ele><time>2025-04-19T20:06:17Z</time></trkpt><trkpt lat="-31.90313000000005" lon="-64.93659600000038"><ele>1825.931</ele><time>2025-04-19T20:06:24Z</time></trkpt><trkpt lat="-31.903090000000052" lon="-64.93656600000038"><ele>1824.791</ele><time>2025-04-19T20:06:31Z</time></trkpt><trkpt lat="-31.90303700000005" lon="-64.93658800000038"><ele>1822.757</ele><time>2025-04-19T20:06:38Z</time></trkpt><trkpt lat="-31.90298900000005" lon="-64.93658800000038"><ele>1821.149</ele><time>2025-04-19T20:06:43Z</time></trkpt><trkpt lat="-31.902942000000053" lon="-64.93656500000039"><ele>1819.810</ele><time>2025-04-19T20:06:49Z</time></trkpt><trkpt lat="-31.902914000000052" lon="-64.93652200000038"><ele>1819.454</ele><time>2025-04-19T20:06:57Z</time></trkpt><trkpt lat="-31.90289200000005" lon="-64.93646900000039"><ele>1819.591</ele><time>2025-04-19T20:07:03Z</time></trkpt><trkpt lat="-31.902890000000053" lon="-64.93641200000039"><ele>1820.383</ele><time>2025-04-19T20:07:09Z</time></trkpt><trkpt lat="-31.902925000000053" lon="-64.93636900000038"><ele>1821.825</ele><time>2025-04-19T20:07:19Z</time></trkpt><trkpt lat="-31.902947000000054" lon="-64.93631900000038"><ele>1823.017</ele><time>2025-04-19T20:07:24Z</time></trkpt><trkpt lat="-31.902947000000054" lon="-64.93625900000038"><ele>1823.809</ele><time>2025-04-19T20:07:30Z</time></trkpt><trkpt lat="-31.902969000000056" lon="-64.93621100000037"><ele>1824.930</ele><time>2025-04-19T20:07:38Z</time></trkpt><trkpt lat="-31.902997000000056" lon="-64.93616100000037"><ele>1826.028</ele><time>2025-04-19T20:07:47Z</time></trkpt><trkpt lat="-31.903012000000057" lon="-64.93610800000037"><ele>1826.817</ele><time>2025-04-19T20:07:56Z</time></trkpt><trkpt lat="-31.90303400000006" lon="-64.93605500000038"><ele>1827.717</ele><time>2025-04-19T20:08:01Z</time></trkpt><trkpt lat="-31.903044000000058" lon="-64.93600300000038"><ele>1828.493</ele><time>2025-04-19T20:08:07Z</time></trkpt><trkpt lat="-31.903026000000057" lon="-64.93595300000038"><ele>1828.685</ele><time>2025-04-19T20:08:15Z</time></trkpt><trkpt lat="-31.902969000000056" lon="-64.93585000000039"><ele>1829.246</ele><time>2025-04-19T20:11:22Z</time></trkpt><trkpt lat="-31.902961000000055" lon="-64.93579300000039"><ele>1830.610</ele><time>2025-04-19T20:11:27Z</time></trkpt><trkpt lat="-31.902909000000054" lon="-64.93578300000038"><ele>1830.537</ele><time>2025-04-19T20:11:35Z</time></trkpt><trkpt lat="-31.902864000000054" lon="-64.93580500000039"><ele>1829.561</ele><time>2025-04-19T20:11:40Z</time></trkpt><trkpt lat="-31.902819000000054" lon="-64.93581500000039"><ele>1828.921</ele><time>2025-04-19T20:11:48Z</time></trkpt><trkpt lat="-31.902774000000054" lon="-64.93580800000039"><ele>1828.813</ele><time>2025-04-19T20:11:56Z</time></trkpt><trkpt lat="-31.902727000000056" lon="-64.9358000000004"><ele>1828.609</ele><time>2025-04-19T20:12:01Z</time></trkpt><trkpt lat="-31.902685000000055" lon="-64.9357700000004"><ele>1829.278</ele><time>2025-04-19T20:12:12Z</time></trkpt><trkpt lat="-31.902678000000055" lon="-64.9357080000004"><ele>1831.166</ele><time>2025-04-19T20:12:22Z</time></trkpt><trkpt lat="-31.902693000000056" lon="-64.93565000000041"><ele>1832.995</ele><time>2025-04-19T20:12:28Z</time></trkpt><trkpt lat="-31.902728000000057" lon="-64.9356130000004"><ele>1834.345</ele><time>2025-04-19T20:12:34Z</time></trkpt><trkpt lat="-31.90277800000006" lon="-64.93558800000041"><ele>1835.691</ele><time>2025-04-19T20:12:40Z</time></trkpt><trkpt lat="-31.90282000000006" lon="-64.9355550000004"><ele>1837.033</ele><time>2025-04-19T20:12:47Z</time></trkpt><trkpt lat="-31.90286500000006" lon="-64.93552500000041"><ele>1838.394</ele><time>2025-04-19T20:12:55Z</time></trkpt><trkpt lat="-31.90291500000006" lon="-64.93552000000041"><ele>1838.948</ele><time>2025-04-19T20:12:59Z</time></trkpt><trkpt lat="-31.90296200000006" lon="-64.93552000000041"><ele>1839.445</ele><time>2025-04-19T20:13:04Z</time></trkpt><trkpt lat="-31.90301500000006" lon="-64.93550700000041"><ele>1840.338</ele><time>2025-04-19T20:13:12Z</time></trkpt><trkpt lat="-31.90306800000006" lon="-64.93551000000042"><ele>1840.770</ele><time>2025-04-19T20:13:16Z</time></trkpt><trkpt lat="-31.903118000000063" lon="-64.93551700000042"><ele>1841.017</ele><time>2025-04-19T20:13:22Z</time></trkpt><trkpt lat="-31.903170000000063" lon="-64.93553000000041"><ele>1841.009</ele><time>2025-04-19T20:13:29Z</time></trkpt><trkpt lat="-31.903213000000065" lon="-64.93556200000042"><ele>1840.325</ele><time>2025-04-19T20:13:34Z</time></trkpt><trkpt lat="-31.903261000000064" lon="-64.93555000000042"><ele>1841.223</ele><time>2025-04-19T20:13:41Z</time></trkpt><trkpt lat="-31.903296000000065" lon="-64.93550700000041"><ele>1843.042</ele><time>2025-04-19T20:13:46Z</time></trkpt><trkpt lat="-31.903331000000065" lon="-64.93546200000041"><ele>1844.932</ele><time>2025-04-19T20:13:54Z</time></trkpt><trkpt lat="-31.903378000000064" lon="-64.9354590000004"><ele>1845.658</ele><time>2025-04-19T20:13:59Z</time></trkpt><trkpt lat="-31.903431000000065" lon="-64.9354390000004"><ele>1847.020</ele><time>2025-04-19T20:14:04Z</time></trkpt><trkpt lat="-31.903481000000067" lon="-64.9354460000004"><ele>1847.471</ele><time>2025-04-19T20:14:08Z</time></trkpt><trkpt lat="-31.903526000000067" lon="-64.9354580000004"><ele>1847.695</ele><time>2025-04-19T20:14:13Z</time></trkpt><trkpt lat="-31.90358300000007" lon="-64.9354330000004"><ele>1849.092</ele><time>2025-04-19T20:14:19Z</time></trkpt><trkpt lat="-31.903616000000067" lon="-64.9353950000004"><ele>1850.524</ele><time>2025-04-19T20:14:23Z</time></trkpt><trkpt lat="-31.903663000000066" lon="-64.9353730000004"><ele>1851.604</ele><time>2025-04-19T20:14:33Z</time></trkpt><trkpt lat="-31.903713000000067" lon="-64.9353610000004"><ele>1852.414</ele><time>2025-04-19T20:14:40Z</time></trkpt><trkpt lat="-31.903760000000066" lon="-64.93534100000039"><ele>1853.309</ele><time>2025-04-19T20:14:49Z</time></trkpt><trkpt lat="-31.903788000000066" lon="-64.93529300000039"><ele>1854.644</ele><time>2025-04-19T20:14:57Z</time></trkpt><trkpt lat="-31.903776000000065" lon="-64.93523500000039"><ele>1855.862</ele><time>2025-04-19T20:15:05Z</time></trkpt><trkpt lat="-31.903754000000063" lon="-64.93518500000039"><ele>1856.851</ele><time>2025-04-19T20:15:13Z</time></trkpt><trkpt lat="-31.903804000000065" lon="-64.93517500000038"><ele>1857.311</ele><time>2025-04-19T20:15:28Z</time></trkpt><trkpt lat="-31.903854000000067" lon="-64.93517200000038"><ele>1857.677</ele><time>2025-04-19T20:15:38Z</time></trkpt><trkpt lat="-31.903902000000066" lon="-64.93516900000037"><ele>1857.939</ele><time>2025-04-19T20:15:45Z</time></trkpt><trkpt lat="-31.903952000000068" lon="-64.93516700000038"><ele>1858.220</ele><time>2025-04-19T20:15:52Z</time></trkpt><trkpt lat="-31.904000000000067" lon="-64.93516400000037"><ele>1858.444</ele><time>2025-04-19T20:16:01Z</time></trkpt><trkpt lat="-31.904027000000067" lon="-64.93511600000036"><ele>1859.341</ele><time>2025-04-19T20:16:10Z</time></trkpt><trkpt lat="-31.904075000000066" lon="-64.93510100000036"><ele>1859.692</ele><time>2025-04-19T20:16:17Z</time></trkpt><trkpt lat="-31.904122000000065" lon="-64.93512300000036"><ele>1859.573</ele><time>2025-04-19T20:16:22Z</time></trkpt><trkpt lat="-31.904170000000065" lon="-64.93511800000036"><ele>1859.820</ele><time>2025-04-19T20:16:28Z</time></trkpt><trkpt lat="-31.904213000000066" lon="-64.93509500000036"><ele>1861.509</ele><time>2025-04-19T20:16:36Z</time></trkpt><trkpt lat="-31.904243000000065" lon="-64.93505500000036"><ele>1862.831</ele><time>2025-04-19T20:16:46Z</time></trkpt><trkpt lat="-31.904288000000065" lon="-64.93504300000036"><ele>1864.379</ele><time>2025-04-19T20:16:53Z</time></trkpt><trkpt lat="-31.904328000000064" lon="-64.93501500000036"><ele>1865.668</ele><time>2025-04-19T20:16:58Z</time></trkpt><trkpt lat="-31.904373000000064" lon="-64.93498700000036"><ele>1867.378</ele><time>2025-04-19T20:17:06Z</time></trkpt><trkpt lat="-31.904413000000062" lon="-64.93495400000036"><ele>1869.134</ele><time>2025-04-19T20:17:13Z</time></trkpt><trkpt lat="-31.90444600000006" lon="-64.93491400000036"><ele>1870.926</ele><time>2025-04-19T20:17:22Z</time></trkpt><trkpt lat="-31.90449100000006" lon="-64.93491700000037"><ele>1872.137</ele><time>2025-04-19T20:17:29Z</time></trkpt><trkpt lat="-31.90451800000006" lon="-64.93486900000036"><ele>1873.731</ele><time>2025-04-19T20:17:54Z</time></trkpt><trkpt lat="-31.90456500000006" lon="-64.93487700000036"><ele>1874.848</ele><time>2025-04-19T20:17:59Z</time></trkpt><trkpt lat="-31.90461700000006" lon="-64.93489900000036"><ele>1875.723</ele><time>2025-04-19T20:18:04Z</time></trkpt><trkpt lat="-31.90466200000006" lon="-64.93488200000036"><ele>1877.183</ele><time>2025-04-19T20:18:09Z</time></trkpt><trkpt lat="-31.90471500000006" lon="-64.93488200000036"><ele>1878.511</ele><time>2025-04-19T20:18:18Z</time></trkpt><trkpt lat="-31.90501800000006" lon="-64.93473700000035"><ele>1887.309</ele><time>2025-04-19T20:18:56Z</time></trkpt><trkpt lat="-31.90505300000006" lon="-64.93470000000035"><ele>1889.044</ele><time>2025-04-19T20:19:02Z</time></trkpt><trkpt lat="-31.90510300000006" lon="-64.93457200000034"><ele>1891.612</ele><time>2025-04-19T20:19:19Z</time></trkpt><trkpt lat="-31.90515800000006" lon="-64.93456900000034"><ele>1893.821</ele><time>2025-04-19T20:19:27Z</time></trkpt><trkpt lat="-31.90520300000006" lon="-64.93457400000034"><ele>1895.621</ele><time>2025-04-19T20:19:35Z</time></trkpt><trkpt lat="-31.90528100000006" lon="-64.93445900000034"><ele>1898.917</ele><time>2025-04-19T20:20:33Z</time></trkpt><trkpt lat="-31.90540900000006" lon="-64.93436700000035"><ele>1903.799</ele><time>2025-04-19T20:20:58Z</time></trkpt><trkpt lat="-31.90546900000006" lon="-64.93433000000034"><ele>1905.920</ele><time>2025-04-19T20:21:11Z</time></trkpt><trkpt lat="-31.90551600000006" lon="-64.93431200000035"><ele>1907.524</ele><time>2025-04-19T20:21:20Z</time></trkpt><trkpt lat="-31.90555800000006" lon="-64.93428200000035"><ele>1909.081</ele><time>2025-04-19T20:21:28Z</time></trkpt><trkpt lat="-31.90557600000006" lon="-64.93422900000036"><ele>1909.582</ele><time>2025-04-19T20:21:35Z</time></trkpt><trkpt lat="-31.90559300000006" lon="-64.93417600000036"><ele>1909.943</ele><time>2025-04-19T20:21:42Z</time></trkpt><trkpt lat="-31.90564300000006" lon="-64.93418800000036"><ele>1911.717</ele><time>2025-04-19T20:21:50Z</time></trkpt><trkpt lat="-31.90569000000006" lon="-64.93411000000036"><ele>1914.009</ele><time>2025-04-19T20:22:17Z</time></trkpt><trkpt lat="-31.90570700000006" lon="-64.93405800000036"><ele>1915.390</ele><time>2025-04-19T20:22:33Z</time></trkpt><trkpt lat="-31.90572900000006" lon="-64.93400600000037"><ele>1916.728</ele><time>2025-04-19T20:22:40Z</time></trkpt><trkpt lat="-31.905689000000063" lon="-64.93397100000037"><ele>1916.197</ele><time>2025-04-19T20:22:52Z</time></trkpt><trkpt lat="-31.905737000000062" lon="-64.93395900000037"><ele>1917.687</ele><time>2025-04-19T20:23:11Z</time></trkpt><trkpt lat="-31.905789000000063" lon="-64.93392900000038"><ele>1919.433</ele><time>2025-04-19T20:23:18Z</time></trkpt><trkpt lat="-31.905837000000062" lon="-64.93391200000038"><ele>1921.065</ele><time>2025-04-19T20:23:25Z</time></trkpt><trkpt lat="-31.905882000000062" lon="-64.93391200000038"><ele>1924.486</ele><time>2025-04-19T20:23:32Z</time></trkpt><trkpt lat="-31.905930000000062" lon="-64.93391200000038"><ele>1927.920</ele><time>2025-04-19T20:23:38Z</time></trkpt><trkpt lat="-31.905973000000063" lon="-64.93393400000038"><ele>1931.047</ele><time>2025-04-19T20:23:43Z</time></trkpt><trkpt lat="-31.906028000000063" lon="-64.93395400000038"><ele>1935.133</ele><time>2025-04-19T20:23:48Z</time></trkpt><trkpt lat="-31.90606100000006" lon="-64.93399900000038"><ele>1937.623</ele><time>2025-04-19T20:23:55Z</time></trkpt><trkpt lat="-31.90613900000006" lon="-64.93399600000038"><ele>1943.615</ele><time>2025-04-19T20:25:59Z</time></trkpt><trkpt lat="-31.90614600000006" lon="-64.93392300000038"><ele>1944.009</ele><time>2025-04-19T20:26:08Z</time></trkpt><trkpt lat="-31.90618800000006" lon="-64.93390100000038"><ele>1947.065</ele><time>2025-04-19T20:26:16Z</time></trkpt><trkpt lat="-31.90623500000006" lon="-64.93391900000037"><ele>1950.613</ele><time>2025-04-19T20:26:23Z</time></trkpt><trkpt lat="-31.90628500000006" lon="-64.93390100000038"><ele>1954.262</ele><time>2025-04-19T20:26:30Z</time></trkpt><trkpt lat="-31.906300000000062" lon="-64.93385100000037"><ele>1954.872</ele><time>2025-04-19T20:26:34Z</time></trkpt><trkpt lat="-31.906305000000064" lon="-64.93379400000038"><ele>1954.638</ele><time>2025-04-19T20:26:42Z</time></trkpt><trkpt lat="-31.906310000000065" lon="-64.93374100000038"><ele>1954.450</ele><time>2025-04-19T20:26:50Z</time></trkpt><trkpt lat="-31.906267000000064" lon="-64.93371600000039"><ele>1951.471</ele><time>2025-04-19T20:27:00Z</time></trkpt><trkpt lat="-31.906257000000064" lon="-64.93366100000038"><ele>1950.395</ele><time>2025-04-19T20:27:05Z</time></trkpt><trkpt lat="-31.906234000000065" lon="-64.93361100000038"><ele>1948.532</ele><time>2025-04-19T20:27:12Z</time></trkpt><trkpt lat="-31.906281000000064" lon="-64.93358900000038"><ele>1951.272</ele><time>2025-04-19T20:27:27Z</time></trkpt><trkpt lat="-31.906326000000064" lon="-64.93360400000039"><ele>1954.113</ele><time>2025-04-19T20:27:34Z</time></trkpt><trkpt lat="-31.906368000000064" lon="-64.93357600000039"><ele>1956.314</ele><time>2025-04-19T20:27:45Z</time></trkpt><trkpt lat="-31.906396000000065" lon="-64.93353400000039"><ele>1957.409</ele><time>2025-04-19T20:27:52Z</time></trkpt><trkpt lat="-31.906439000000066" lon="-64.9335490000004"><ele>1960.189</ele><time>2025-04-19T20:28:00Z</time></trkpt><trkpt lat="-31.906459000000066" lon="-64.9334960000004"><ele>1960.467</ele><time>2025-04-19T20:28:15Z</time></trkpt><trkpt lat="-31.906461000000064" lon="-64.9334410000004"><ele>1959.676</ele><time>2025-04-19T20:28:23Z</time></trkpt><trkpt lat="-31.906428000000066" lon="-64.9334030000004"><ele>1957.366</ele><time>2025-04-19T20:28:28Z</time></trkpt><trkpt lat="-31.906405000000067" lon="-64.9333500000004"><ele>1955.462</ele><time>2025-04-19T20:28:35Z</time></trkpt><trkpt lat="-31.90644800000007" lon="-64.9333680000004"><ele>1957.854</ele><time>2025-04-19T20:28:54Z</time></trkpt><trkpt lat="-31.906496000000068" lon="-64.9333600000004"><ele>1960.195</ele><time>2025-04-19T20:29:00Z</time></trkpt><trkpt lat="-31.90653100000007" lon="-64.9333200000004"><ele>1961.439</ele><time>2025-04-19T20:29:08Z</time></trkpt><trkpt lat="-31.906534000000068" lon="-64.93326700000041"><ele>1962.036</ele><time>2025-04-19T20:29:14Z</time></trkpt><trkpt lat="-31.90653900000007" lon="-64.93321400000042"><ele>1962.693</ele><time>2025-04-19T20:29:22Z</time></trkpt><trkpt lat="-31.90656200000007" lon="-64.93309200000041"><ele>1964.565</ele><time>2025-04-19T20:30:36Z</time></trkpt><trkpt lat="-31.906599000000067" lon="-64.93304200000041"><ele>1966.521</ele><time>2025-04-19T20:30:46Z</time></trkpt><trkpt lat="-31.90660400000007" lon="-64.9329770000004"><ele>1967.109</ele><time>2025-04-19T20:30:56Z</time></trkpt><trkpt lat="-31.90658600000007" lon="-64.9329150000004"><ele>1966.771</ele><time>2025-04-19T20:31:07Z</time></trkpt><trkpt lat="-31.906551000000068" lon="-64.93282300000041"><ele>1965.949</ele><time>2025-04-19T20:31:28Z</time></trkpt><trkpt lat="-31.906501000000066" lon="-64.93273300000041"><ele>1964.748</ele><time>2025-04-19T20:31:49Z</time></trkpt><trkpt lat="-31.906748000000068" lon="-64.93271000000041"><ele>1974.538</ele><time>2025-04-19T20:36:43Z</time></trkpt><trkpt lat="-31.906813000000067" lon="-64.93270300000042"><ele>1977.364</ele><time>2025-04-19T20:36:55Z</time></trkpt><trkpt lat="-31.90738100000007" lon="-64.93259600000042"><ele>1996.856</ele><time>2025-04-19T20:38:41Z</time></trkpt><trkpt lat="-31.907414000000067" lon="-64.93264900000041"><ele>2000.377</ele><time>2025-04-19T20:39:10Z</time></trkpt><trkpt lat="-31.907469000000066" lon="-64.93263600000041"><ele>2001.851</ele><time>2025-04-19T20:39:18Z</time></trkpt><trkpt lat="-31.907649000000067" lon="-64.93273900000041"><ele>2018.678</ele><time>2025-04-19T20:39:57Z</time></trkpt><trkpt lat="-31.907764000000068" lon="-64.93271100000041"><ele>2025.024</ele><time>2025-04-19T20:40:24Z</time></trkpt><trkpt lat="-31.907809000000068" lon="-64.9327080000004"><ele>2028.004</ele><time>2025-04-19T20:40:35Z</time></trkpt><trkpt lat="-31.907871000000068" lon="-64.9327030000004"><ele>2032.014</ele><time>2025-04-19T20:40:47Z</time></trkpt><trkpt lat="-31.907929000000067" lon="-64.9326880000004"><ele>2035.209</ele><time>2025-04-19T20:40:55Z</time></trkpt><trkpt lat="-31.908036000000067" lon="-64.9326210000004"><ele>2039.034</ele><time>2025-04-19T20:41:28Z</time></trkpt><trkpt lat="-31.908073000000066" lon="-64.9324630000004"><ele>2035.452</ele><time>2025-04-19T20:42:10Z</time></trkpt><trkpt lat="-31.908055000000065" lon="-64.9323660000004"><ele>2034.881</ele><time>2025-04-19T20:42:37Z</time></trkpt><trkpt lat="-31.908222000000066" lon="-64.9322930000004"><ele>2044.781</ele><time>2025-04-19T20:43:36Z</time></trkpt><trkpt lat="-31.908184000000066" lon="-64.9322610000004"><ele>2042.587</ele><time>2025-04-19T20:43:40Z</time></trkpt><trkpt lat="-31.908132000000066" lon="-64.9322560000004"><ele>2039.799</ele><time>2025-04-19T20:43:47Z</time></trkpt><trkpt lat="-31.908084000000066" lon="-64.9322390000004"><ele>2037.270</ele><time>2025-04-19T20:43:54Z</time></trkpt><trkpt lat="-31.908041000000065" lon="-64.9322590000004"><ele>2034.754</ele><time>2025-04-19T20:44:00Z</time></trkpt><trkpt lat="-31.907986000000065" lon="-64.9322620000004"><ele>2031.741</ele><time>2025-04-19T20:44:06Z</time></trkpt><trkpt lat="-31.907941000000065" lon="-64.93224400000041"><ele>2029.546</ele><time>2025-04-19T20:44:11Z</time></trkpt><trkpt lat="-31.907876000000066" lon="-64.93219200000041"><ele>2026.988</ele><time>2025-04-19T20:44:28Z</time></trkpt><trkpt lat="-31.907834000000065" lon="-64.93215700000042"><ele>2025.416</ele><time>2025-04-19T20:44:36Z</time></trkpt><trkpt lat="-31.907827000000065" lon="-64.93208500000041"><ele>2026.509</ele><time>2025-04-19T20:44:43Z</time></trkpt><trkpt lat="-31.907862000000065" lon="-64.93201000000042"><ele>2029.486</ele><time>2025-04-19T20:44:53Z</time></trkpt><trkpt lat="-31.907817000000065" lon="-64.93200300000042"><ele>2027.754</ele><time>2025-04-19T20:45:01Z</time></trkpt><trkpt lat="-31.907772000000065" lon="-64.93199500000043"><ele>2026.133</ele><time>2025-04-19T20:45:09Z</time></trkpt><trkpt lat="-31.907729000000064" lon="-64.93202700000043"><ele>2023.643</ele><time>2025-04-19T20:45:16Z</time></trkpt><trkpt lat="-31.907694000000063" lon="-64.93206400000044"><ele>2021.149</ele><time>2025-04-19T20:45:24Z</time></trkpt><trkpt lat="-31.907649000000063" lon="-64.93203900000044"><ele>2019.941</ele><time>2025-04-19T20:45:30Z</time></trkpt><trkpt lat="-31.90759900000006" lon="-64.93203900000044"><ele>2017.872</ele><time>2025-04-19T20:45:39Z</time></trkpt><trkpt lat="-31.90754900000006" lon="-64.93203200000045"><ele>2016.036</ele><time>2025-04-19T20:45:46Z</time></trkpt><trkpt lat="-31.90754900000006" lon="-64.93196500000045"><ele>2018.483</ele><time>2025-04-19T20:46:12Z</time></trkpt><trkpt lat="-31.90759400000006" lon="-64.93194300000044"><ele>2020.894</ele><time>2025-04-19T20:46:18Z</time></trkpt><trkpt lat="-31.90762400000006" lon="-64.93190300000045"><ele>2023.157</ele><time>2025-04-19T20:46:29Z</time></trkpt><trkpt lat="-31.90763600000006" lon="-64.93184800000044"><ele>2025.222</ele><time>2025-04-19T20:46:37Z</time></trkpt><trkpt lat="-31.90768300000006" lon="-64.93178800000044"><ele>2028.409</ele><time>2025-04-19T20:46:50Z</time></trkpt><trkpt lat="-31.90762800000006" lon="-64.93177300000043"><ele>2027.321</ele><time>2025-04-19T20:47:06Z</time></trkpt><trkpt lat="-31.907575000000058" lon="-64.93178300000044"><ele>2025.619</ele><time>2025-04-19T20:47:12Z</time></trkpt><trkpt lat="-31.907532000000057" lon="-64.93180500000044"><ele>2023.698</ele><time>2025-04-19T20:47:21Z</time></trkpt><trkpt lat="-31.907487000000057" lon="-64.93180200000043"><ele>2022.778</ele><time>2025-04-19T20:47:27Z</time></trkpt><trkpt lat="-31.907425000000057" lon="-64.93172400000043"><ele>2025.244</ele><time>2025-04-19T20:48:01Z</time></trkpt><trkpt lat="-31.907405000000058" lon="-64.93167400000043"><ele>2027.136</ele><time>2025-04-19T20:48:14Z</time></trkpt><trkpt lat="-31.90741000000006" lon="-64.93161900000042"><ele>2030.657</ele><time>2025-04-19T20:48:25Z</time></trkpt><trkpt lat="-31.90745500000006" lon="-64.93156200000043"><ele>2034.771</ele><time>2025-04-19T20:49:03Z</time></trkpt><trkpt lat="-31.90743000000006" lon="-64.93150400000043"><ele>2038.468</ele><time>2025-04-19T20:49:28Z</time></trkpt><trkpt lat="-31.907350000000058" lon="-64.93146100000043"><ele>2040.729</ele><time>2025-04-19T20:49:46Z</time></trkpt><trkpt lat="-31.907307000000056" lon="-64.93143900000042"><ele>2041.900</ele><time>2025-04-19T20:49:55Z</time></trkpt><trkpt lat="-31.907265000000056" lon="-64.93141600000043"><ele>2043.120</ele><time>2025-04-19T20:50:02Z</time></trkpt><trkpt lat="-31.907227000000056" lon="-64.93145100000042"><ele>2040.509</ele><time>2025-04-19T20:50:15Z</time></trkpt><trkpt lat="-31.907189000000056" lon="-64.93139300000043"><ele>2044.014</ele><time>2025-04-19T20:50:30Z</time></trkpt><trkpt lat="-31.907216000000055" lon="-64.93133500000043"><ele>2048.012</ele><time>2025-04-19T20:50:47Z</time></trkpt><trkpt lat="-31.907261000000055" lon="-64.93128300000043"><ele>2051.891</ele><time>2025-04-19T20:51:13Z</time></trkpt><trkpt lat="-31.907211000000054" lon="-64.93130500000044"><ele>2050.081</ele><time>2025-04-19T20:51:27Z</time></trkpt><trkpt lat="-31.907161000000052" lon="-64.93127500000044"><ele>2051.577</ele><time>2025-04-19T20:51:35Z</time></trkpt><trkpt lat="-31.90709800000005" lon="-64.93127300000044"><ele>2051.179</ele><time>2025-04-19T20:51:48Z</time></trkpt><trkpt lat="-31.907051000000052" lon="-64.93128800000045"><ele>2049.830</ele><time>2025-04-19T20:51:56Z</time></trkpt><trkpt lat="-31.907013000000052" lon="-64.93132500000046"><ele>2047.154</ele><time>2025-04-19T20:52:11Z</time></trkpt><trkpt lat="-31.906975000000052" lon="-64.93129700000046"><ele>2048.621</ele><time>2025-04-19T20:52:29Z</time></trkpt><trkpt lat="-31.906972000000053" lon="-64.93121200000046"><ele>2054.098</ele><time>2025-04-19T20:52:45Z</time></trkpt><trkpt lat="-31.907002000000052" lon="-64.93116700000046"><ele>2057.215</ele><time>2025-04-19T20:52:58Z</time></trkpt><trkpt lat="-31.90701200000005" lon="-64.93111000000046"><ele>2060.926</ele><time>2025-04-19T20:53:15Z</time></trkpt><trkpt lat="-31.90701400000005" lon="-64.93105200000046"><ele>2064.709</ele><time>2025-04-19T20:53:26Z</time></trkpt><trkpt lat="-31.90711900000005" lon="-64.93098000000046"><ele>2070.491</ele><time>2025-04-19T20:54:30Z</time></trkpt><trkpt lat="-31.907206000000052" lon="-64.93097300000046"><ele>2071.779</ele><time>2025-04-19T20:54:44Z</time></trkpt><trkpt lat="-31.90725300000005" lon="-64.93097500000046"><ele>2072.058</ele><time>2025-04-19T20:54:51Z</time></trkpt><trkpt lat="-31.90730000000005" lon="-64.93095200000046"><ele>2074.068</ele><time>2025-04-19T20:54:57Z</time></trkpt><trkpt lat="-31.90726000000005" lon="-64.93089400000046"><ele>2077.454</ele><time>2025-04-19T20:55:13Z</time></trkpt><trkpt lat="-31.907220000000052" lon="-64.93086400000047"><ele>2079.046</ele><time>2025-04-19T20:55:24Z</time></trkpt><trkpt lat="-31.907190000000053" lon="-64.93081600000046"><ele>2081.617</ele><time>2025-04-19T20:55:40Z</time></trkpt><trkpt lat="-31.907205000000054" lon="-64.93076600000046"><ele>2084.481</ele><time>2025-04-19T20:56:19Z</time></trkpt><trkpt lat="-31.907250000000055" lon="-64.93075400000046"><ele>2085.548</ele><time>2025-04-19T20:56:27Z</time></trkpt><trkpt lat="-31.907298000000054" lon="-64.93075700000047"><ele>2085.882</ele><time>2025-04-19T20:56:36Z</time></trkpt><trkpt lat="-31.907336000000054" lon="-64.93072900000047"><ele>2087.643</ele><time>2025-04-19T20:56:52Z</time></trkpt><trkpt lat="-31.907313000000055" lon="-64.93062900000047"><ele>2092.617</ele><time>2025-04-19T20:57:55Z</time></trkpt><trkpt lat="-31.907273000000057" lon="-64.93059700000046"><ele>2094.009</ele><time>2025-04-19T20:58:03Z</time></trkpt><trkpt lat="-31.907221000000057" lon="-64.93057000000046"><ele>2095.130</ele><time>2025-04-19T20:58:12Z</time></trkpt><trkpt lat="-31.907173000000057" lon="-64.93055800000046"><ele>2095.578</ele><time>2025-04-19T20:58:25Z</time></trkpt><trkpt lat="-31.907076000000057" lon="-64.93045800000046"><ele>2100.637</ele><time>2025-04-19T20:59:08Z</time></trkpt><trkpt lat="-31.907038000000057" lon="-64.93043000000046"><ele>2102.187</ele><time>2025-04-19T20:59:16Z</time></trkpt><trkpt lat="-31.906993000000057" lon="-64.93045200000046"><ele>2100.763</ele><time>2025-04-19T20:59:31Z</time></trkpt><trkpt lat="-31.906950000000055" lon="-64.93043400000046"><ele>2101.795</ele><time>2025-04-19T20:59:41Z</time></trkpt><trkpt lat="-31.906903000000057" lon="-64.93035400000046"><ele>2106.366</ele><time>2025-04-19T20:59:58Z</time></trkpt><trkpt lat="-31.906848000000057" lon="-64.93034700000047"><ele>2106.730</ele><time>2025-04-19T21:00:08Z</time></trkpt><trkpt lat="-31.906803000000057" lon="-64.93036700000047"><ele>2105.427</ele><time>2025-04-19T21:00:22Z</time></trkpt><trkpt lat="-31.90675600000006" lon="-64.93036900000047"><ele>2105.277</ele><time>2025-04-19T21:00:29Z</time></trkpt><trkpt lat="-31.906696000000057" lon="-64.93034700000047"><ele>2106.561</ele><time>2025-04-19T21:00:34Z</time></trkpt><trkpt lat="-31.906644000000057" lon="-64.93035500000046"><ele>2105.727</ele><time>2025-04-19T21:00:41Z</time></trkpt><trkpt lat="-31.906599000000057" lon="-64.93033000000047"><ele>2106.909</ele><time>2025-04-19T21:00:47Z</time></trkpt><trkpt lat="-31.90655900000006" lon="-64.93029200000046"><ele>2108.979</ele><time>2025-04-19T21:00:55Z</time></trkpt><trkpt lat="-31.90651900000006" lon="-64.93026400000046"><ele>2110.487</ele><time>2025-04-19T21:01:02Z</time></trkpt><trkpt lat="-31.90647600000006" lon="-64.93024400000046"><ele>2111.396</ele><time>2025-04-19T21:01:09Z</time></trkpt><trkpt lat="-31.906426000000057" lon="-64.93023400000045"><ele>2111.496</ele><time>2025-04-19T21:01:19Z</time></trkpt><trkpt lat="-31.906381000000057" lon="-64.93021100000045"><ele>2112.552</ele><time>2025-04-19T21:01:23Z</time></trkpt><trkpt lat="-31.906331000000055" lon="-64.93021300000045"><ele>2111.994</ele><time>2025-04-19T21:01:30Z</time></trkpt><trkpt lat="-31.906291000000056" lon="-64.93024000000045"><ele>2109.645</ele><time>2025-04-19T21:01:36Z</time></trkpt><trkpt lat="-31.906251000000058" lon="-64.93020800000045"><ele>2111.449</ele><time>2025-04-19T21:01:46Z</time></trkpt><trkpt lat="-31.906209000000057" lon="-64.93018000000045"><ele>2112.996</ele><time>2025-04-19T21:01:51Z</time></trkpt><trkpt lat="-31.906164000000057" lon="-64.93017200000045"><ele>2113.052</ele><time>2025-04-19T21:01:59Z</time></trkpt><trkpt lat="-31.90612400000006" lon="-64.93013900000045"><ele>2114.953</ele><time>2025-04-19T21:02:05Z</time></trkpt><trkpt lat="-31.90607200000006" lon="-64.93012200000045"><ele>2115.608</ele><time>2025-04-19T21:02:14Z</time></trkpt><trkpt lat="-31.90602700000006" lon="-64.93010000000045"><ele>2116.709</ele><time>2025-04-19T21:02:21Z</time></trkpt><trkpt lat="-31.90600000000006" lon="-64.93004800000045"><ele>2120.137</ele><time>2025-04-19T21:02:27Z</time></trkpt><trkpt lat="-31.90595500000006" lon="-64.93004000000046"><ele>2120.235</ele><time>2025-04-19T21:02:52Z</time></trkpt><trkpt lat="-31.90590800000006" lon="-64.93004300000047"><ele>2119.654</ele><time>2025-04-19T21:03:07Z</time></trkpt><trkpt lat="-31.90587000000006" lon="-64.92999500000046"><ele>2122.644</ele><time>2025-04-19T21:03:22Z</time></trkpt><trkpt lat="-31.905837000000062" lon="-64.92994300000046"><ele>2125.940</ele><time>2025-04-19T21:03:33Z</time></trkpt><trkpt lat="-31.905789000000063" lon="-64.92993500000047"><ele>2125.942</ele><time>2025-04-19T21:03:40Z</time></trkpt><trkpt lat="-31.905744000000062" lon="-64.92993500000047"><ele>2125.443</ele><time>2025-04-19T21:03:46Z</time></trkpt><trkpt lat="-31.905696000000063" lon="-64.92991000000048"><ele>2126.647</ele><time>2025-04-19T21:03:52Z</time></trkpt><trkpt lat="-31.905624000000063" lon="-64.92988000000048"><ele>2127.794</ele><time>2025-04-19T21:04:07Z</time></trkpt><trkpt lat="-31.905627000000063" lon="-64.92982500000048"><ele>2131.471</ele><time>2025-04-19T21:04:24Z</time></trkpt><trkpt lat="-31.90560500000006" lon="-64.92975200000048"><ele>2136.041</ele><time>2025-04-19T21:04:55Z</time></trkpt><trkpt lat="-31.90556000000006" lon="-64.92975700000048"><ele>2135.115</ele><time>2025-04-19T21:05:08Z</time></trkpt><trkpt lat="-31.90553200000006" lon="-64.92980400000047"><ele>2131.609</ele><time>2025-04-19T21:05:35Z</time></trkpt><trkpt lat="-31.905440000000063" lon="-64.92972600000047"><ele>2135.659</ele><time>2025-04-19T21:06:44Z</time></trkpt><trkpt lat="-31.905398000000062" lon="-64.92969600000048"><ele>2136.977</ele><time>2025-04-19T21:07:15Z</time></trkpt><trkpt lat="-31.905346000000062" lon="-64.92968600000047"><ele>2136.986</ele><time>2025-04-19T21:07:29Z</time></trkpt><trkpt lat="-31.905301000000062" lon="-64.92966400000047"><ele>2137.796</ele><time>2025-04-19T21:07:37Z</time></trkpt><trkpt lat="-31.90524900000006" lon="-64.92964900000047"><ele>2137.942</ele><time>2025-04-19T21:07:45Z</time></trkpt><trkpt lat="-31.905201000000062" lon="-64.92963700000047"><ele>2138.094</ele><time>2025-04-19T21:07:53Z</time></trkpt><trkpt lat="-31.90515800000006" lon="-64.92961200000047"><ele>2139.095</ele><time>2025-04-19T21:08:00Z</time></trkpt><trkpt lat="-31.90511300000006" lon="-64.92960200000047"><ele>2139.039</ele><time>2025-04-19T21:08:08Z</time></trkpt><trkpt lat="-31.905066000000062" lon="-64.92960200000047"><ele>2138.326</ele><time>2025-04-19T21:08:15Z</time></trkpt><trkpt lat="-31.905026000000063" lon="-64.92957700000048"><ele>2139.393</ele><time>2025-04-19T21:08:28Z</time></trkpt><trkpt lat="-31.904981000000063" lon="-64.92958400000047"><ele>2138.465</ele><time>2025-04-19T21:08:37Z</time></trkpt><trkpt lat="-31.904936000000063" lon="-64.92959600000047"><ele>2137.621</ele><time>2025-04-19T21:08:45Z</time></trkpt><trkpt lat="-31.904889000000065" lon="-64.92961100000048"><ele>2136.609</ele><time>2025-04-19T21:08:54Z</time></trkpt><trkpt lat="-31.904819000000064" lon="-64.92961900000047"><ele>2136.181</ele><time>2025-04-19T21:09:04Z</time></trkpt><trkpt lat="-31.904747000000064" lon="-64.92961900000047"><ele>2136.039</ele><time>2025-04-19T21:09:12Z</time></trkpt><trkpt lat="-31.904704000000063" lon="-64.92959700000047"><ele>2137.298</ele><time>2025-04-19T21:09:18Z</time></trkpt><trkpt lat="-31.904667000000064" lon="-64.92956500000047"><ele>2139.068</ele><time>2025-04-19T21:09:28Z</time></trkpt><trkpt lat="-31.904620000000065" lon="-64.92958300000046"><ele>2137.884</ele><time>2025-04-19T21:09:37Z</time></trkpt><trkpt lat="-31.904582000000065" lon="-64.92961600000046"><ele>2135.946</ele><time>2025-04-19T21:09:42Z</time></trkpt><trkpt lat="-31.904532000000064" lon="-64.92960600000046"><ele>2136.477</ele><time>2025-04-19T21:09:49Z</time></trkpt><trkpt lat="-31.904557000000064" lon="-64.92955300000047"><ele>2139.421</ele><time>2025-04-19T21:10:10Z</time></trkpt><trkpt lat="-31.904587000000063" lon="-64.92951300000047"><ele>2141.858</ele><time>2025-04-19T21:10:20Z</time></trkpt><trkpt lat="-31.904549000000063" lon="-64.92945300000046"><ele>2145.133</ele><time>2025-04-19T21:10:36Z</time></trkpt><trkpt lat="-31.904494000000064" lon="-64.92948300000046"><ele>2143.223</ele><time>2025-04-19T21:10:55Z</time></trkpt><trkpt lat="-31.904441000000062" lon="-64.92949800000046"><ele>2142.215</ele><time>2025-04-19T21:10:59Z</time></trkpt><trkpt lat="-31.90439100000006" lon="-64.92949300000046"><ele>2142.409</ele><time>2025-04-19T21:11:05Z</time></trkpt><trkpt lat="-31.90434300000006" lon="-64.92951800000046"><ele>2140.915</ele><time>2025-04-19T21:11:11Z</time></trkpt><trkpt lat="-31.90431100000006" lon="-64.92948000000045"><ele>2142.983</ele><time>2025-04-19T21:11:36Z</time></trkpt><trkpt lat="-31.90425900000006" lon="-64.92945500000046"><ele>2144.132</ele><time>2025-04-19T21:11:54Z</time></trkpt><trkpt lat="-31.90413400000006" lon="-64.92944200000046"><ele>2144.832</ele><time>2025-04-19T21:12:25Z</time></trkpt><trkpt lat="-31.90409900000006" lon="-64.92938900000047"><ele>2147.928</ele><time>2025-04-19T21:12:45Z</time></trkpt><trkpt lat="-31.90404400000006" lon="-64.92938600000046"><ele>2148.630</ele><time>2025-04-19T21:12:59Z</time></trkpt><trkpt lat="-31.904001000000058" lon="-64.92936900000046"><ele>2149.951</ele><time>2025-04-19T21:13:06Z</time></trkpt><trkpt lat="-31.903996000000056" lon="-64.92931600000047"><ele>2152.765</ele><time>2025-04-19T21:13:20Z</time></trkpt><trkpt lat="-31.903959000000057" lon="-64.92927900000046"><ele>2155.092</ele><time>2025-04-19T21:13:34Z</time></trkpt><trkpt lat="-31.90388400000006" lon="-64.92920400000047"><ele>2159.724</ele><time>2025-04-19T21:14:02Z</time></trkpt><trkpt lat="-31.903886000000057" lon="-64.92914900000046"><ele>2162.604</ele><time>2025-04-19T21:14:16Z</time></trkpt><trkpt lat="-31.90383900000006" lon="-64.92914200000047"><ele>2163.414</ele><time>2025-04-19T21:14:27Z</time></trkpt><trkpt lat="-31.903744000000057" lon="-64.92906500000046"><ele>2168.209</ele><time>2025-04-19T21:18:08Z</time></trkpt><trkpt lat="-31.903701000000055" lon="-64.92903800000046"><ele>2169.824</ele><time>2025-04-19T21:18:13Z</time></trkpt><trkpt lat="-31.903716000000056" lon="-64.92898800000046"><ele>2172.262</ele><time>2025-04-19T21:18:25Z</time></trkpt><trkpt lat="-31.903758000000057" lon="-64.92896500000046"><ele>2173.141</ele><time>2025-04-19T21:18:32Z</time></trkpt><trkpt lat="-31.903803000000057" lon="-64.92893700000046"><ele>2174.391</ele><time>2025-04-19T21:18:39Z</time></trkpt><trkpt lat="-31.903845000000057" lon="-64.92891500000046"><ele>2175.347</ele><time>2025-04-19T21:18:47Z</time></trkpt><trkpt lat="-31.903890000000057" lon="-64.92889000000046"><ele>2176.429</ele><time>2025-04-19T21:18:56Z</time></trkpt><trkpt lat="-31.903963000000058" lon="-64.92881200000046"><ele>2180.450</ele><time>2025-04-19T21:19:33Z</time></trkpt><trkpt lat="-31.903948000000057" lon="-64.92876200000046"><ele>2183.194</ele><time>2025-04-19T21:19:51Z</time></trkpt><trkpt lat="-31.90399800000006" lon="-64.92876200000046"><ele>2183.011</ele><time>2025-04-19T21:20:01Z</time></trkpt><trkpt lat="-31.904038000000057" lon="-64.92873500000046"><ele>2184.587</ele><time>2025-04-19T21:20:09Z</time></trkpt><trkpt lat="-31.904085000000055" lon="-64.92871300000046"><ele>2185.742</ele><time>2025-04-19T21:20:17Z</time></trkpt><trkpt lat="-31.904135000000057" lon="-64.92869600000046"><ele>2186.726</ele><time>2025-04-19T21:20:32Z</time></trkpt><trkpt lat="-31.904167000000058" lon="-64.92865300000045"><ele>2189.209</ele><time>2025-04-19T21:20:41Z</time></trkpt><trkpt lat="-31.904145000000057" lon="-64.92860300000045"><ele>2192.120</ele><time>2025-04-19T21:20:56Z</time></trkpt><trkpt lat="-31.904100000000057" lon="-64.92860100000046"><ele>2192.138</ele><time>2025-04-19T21:21:05Z</time></trkpt><trkpt lat="-31.904055000000056" lon="-64.92858400000046"><ele>2193.027</ele><time>2025-04-19T21:21:16Z</time></trkpt><trkpt lat="-31.904010000000056" lon="-64.92857200000046"><ele>2193.677</ele><time>2025-04-19T21:21:23Z</time></trkpt><trkpt lat="-31.903968000000056" lon="-64.92855000000046"><ele>2194.763</ele><time>2025-04-19T21:21:32Z</time></trkpt><trkpt lat="-31.903938000000057" lon="-64.92851000000046"><ele>2196.845</ele><time>2025-04-19T21:21:43Z</time></trkpt><trkpt lat="-31.90389100000006" lon="-64.92851000000046"><ele>2196.676</ele><time>2025-04-19T21:21:54Z</time></trkpt><trkpt lat="-31.90384300000006" lon="-64.92850700000045"><ele>2196.640</ele><time>2025-04-19T21:22:02Z</time></trkpt><trkpt lat="-31.90379800000006" lon="-64.92852700000046"><ele>2195.457</ele><time>2025-04-19T21:22:13Z</time></trkpt><trkpt lat="-31.903755000000057" lon="-64.92850000000045"><ele>2196.688</ele><time>2025-04-19T21:22:21Z</time></trkpt><trkpt lat="-31.90379800000006" lon="-64.92848000000045"><ele>2197.824</ele><time>2025-04-19T21:22:34Z</time></trkpt><trkpt lat="-31.903835000000058" lon="-64.92844500000045"><ele>2199.826</ele><time>2025-04-19T21:22:44Z</time></trkpt><trkpt lat="-31.90385000000006" lon="-64.92839200000046"><ele>2202.609</ele><time>2025-04-19T21:23:14Z</time></trkpt><trkpt lat="-31.903807000000057" lon="-64.92836700000046"><ele>2203.790</ele><time>2025-04-19T21:23:22Z</time></trkpt><trkpt lat="-31.90376000000006" lon="-64.92835200000046"><ele>2204.178</ele><time>2025-04-19T21:23:32Z</time></trkpt><trkpt lat="-31.90371300000006" lon="-64.92834500000046"><ele>2204.247</ele><time>2025-04-19T21:23:43Z</time></trkpt><trkpt lat="-31.90369100000006" lon="-64.92829800000047"><ele>2207.437</ele><time>2025-04-19T21:23:53Z</time></trkpt><trkpt lat="-31.90373400000006" lon="-64.92826800000047"><ele>2210.193</ele><time>2025-04-19T21:24:06Z</time></trkpt><trkpt lat="-31.90377900000006" lon="-64.92826000000048"><ele>2211.085</ele><time>2025-04-19T21:24:13Z</time></trkpt><trkpt lat="-31.90382700000006" lon="-64.92828500000047"><ele>2209.486</ele><time>2025-04-19T21:24:21Z</time></trkpt><trkpt lat="-31.90387200000006" lon="-64.92826800000047"><ele>2211.160</ele><time>2025-04-19T21:24:29Z</time></trkpt><trkpt lat="-31.90391900000006" lon="-64.92825800000047"><ele>2212.397</ele><time>2025-04-19T21:24:37Z</time></trkpt><trkpt lat="-31.903956000000058" lon="-64.92822600000046"><ele>2215.177</ele><time>2025-04-19T21:24:47Z</time></trkpt><trkpt lat="-31.903934000000056" lon="-64.92816100000046"><ele>2220.261</ele><time>2025-04-19T21:25:01Z</time></trkpt><trkpt lat="-31.903974000000055" lon="-64.92812800000046"><ele>2223.127</ele><time>2025-04-19T21:25:08Z</time></trkpt><trkpt lat="-31.903989000000056" lon="-64.92807000000046"><ele>2227.909</ele><time>2025-04-19T21:25:27Z</time></trkpt><trkpt lat="-31.903939000000054" lon="-64.92805000000045"><ele>2229.189</ele><time>2025-04-19T21:25:36Z</time></trkpt><trkpt lat="-31.903889000000053" lon="-64.92804200000046"><ele>2229.377</ele><time>2025-04-19T21:25:46Z</time></trkpt><trkpt lat="-31.903842000000054" lon="-64.92802500000046"><ele>2230.246</ele><time>2025-04-19T21:25:55Z</time></trkpt><trkpt lat="-31.903799000000053" lon="-64.92800200000046"><ele>2231.796</ele><time>2025-04-19T21:26:04Z</time></trkpt><trkpt lat="-31.903754000000053" lon="-64.92799000000046"><ele>2232.272</ele><time>2025-04-19T21:26:17Z</time></trkpt><trkpt lat="-31.903692000000053" lon="-64.92795700000046"><ele>2234.374</ele><time>2025-04-19T21:26:39Z</time></trkpt><trkpt lat="-31.903644000000053" lon="-64.92794200000046"><ele>2235.075</ele><time>2025-04-19T21:26:47Z</time></trkpt><trkpt lat="-31.903599000000053" lon="-64.92792400000046"><ele>2236.019</ele><time>2025-04-19T21:26:55Z</time></trkpt><trkpt lat="-31.90355600000005" lon="-64.92789600000046"><ele>2237.896</ele><time>2025-04-19T21:27:03Z</time></trkpt><trkpt lat="-31.90352800000005" lon="-64.92784900000046"><ele>2241.176</ele><time>2025-04-19T21:27:11Z</time></trkpt><trkpt lat="-31.903481000000053" lon="-64.92783400000046"><ele>2241.890</ele><time>2025-04-19T21:27:22Z</time></trkpt><trkpt lat="-31.903433000000053" lon="-64.92783700000047"><ele>2241.119</ele><time>2025-04-19T21:27:30Z</time></trkpt><trkpt lat="-31.90338300000005" lon="-64.92784500000046"><ele>2240.009</ele><time>2025-04-19T21:27:39Z</time></trkpt><trkpt lat="-31.90333800000005" lon="-64.92784000000046"><ele>2239.999</ele><time>2025-04-19T21:27:48Z</time></trkpt><trkpt lat="-31.90328600000005" lon="-64.92785500000046"><ele>2238.097</ele><time>2025-04-19T21:27:54Z</time></trkpt><trkpt lat="-31.90320600000005" lon="-64.92770500000046"><ele>2247.526</ele><time>2025-04-19T21:29:29Z</time></trkpt><trkpt lat="-31.90312400000005" lon="-64.92761000000046"><ele>2252.196</ele><time>2025-04-19T21:29:59Z</time></trkpt><trkpt lat="-31.903077000000053" lon="-64.92740000000046"><ele>2267.692</ele><time>2025-04-19T21:30:57Z</time></trkpt><trkpt lat="-31.903119000000054" lon="-64.92737300000046"><ele>2271.434</ele><time>2025-04-19T21:31:06Z</time></trkpt><trkpt lat="-31.903106000000054" lon="-64.92730000000046"><ele>2278.025</ele><time>2025-04-19T21:31:48Z</time></trkpt><trkpt lat="-31.903051000000055" lon="-64.92719300000046"><ele>2286.779</ele><time>2025-04-19T21:32:18Z</time></trkpt><trkpt lat="-31.902923000000055" lon="-64.92714300000046"><ele>2287.926</ele><time>2025-04-19T21:32:48Z</time></trkpt><trkpt lat="-31.902953000000053" lon="-64.92709100000046"><ele>2293.898</ele><time>2025-04-19T21:32:57Z</time></trkpt><trkpt lat="-31.903006000000055" lon="-64.92708300000047"><ele>2296.015</ele><time>2025-04-19T21:33:10Z</time></trkpt><trkpt lat="-31.903013000000055" lon="-64.92696800000047"><ele>2307.326</ele><time>2025-04-19T21:34:19Z</time></trkpt><trkpt lat="-31.902966000000056" lon="-64.92694300000048"><ele>2308.409</ele><time>2025-04-19T21:34:27Z</time></trkpt><trkpt lat="-31.902928000000056" lon="-64.92697100000048"><ele>2304.751</ele><time>2025-04-19T21:34:33Z</time></trkpt><trkpt lat="-31.902920000000055" lon="-64.92691400000048"><ele>2310.059</ele><time>2025-04-19T21:34:48Z</time></trkpt><trkpt lat="-31.902962000000056" lon="-64.92689100000048"><ele>2313.438</ele><time>2025-04-19T21:34:57Z</time></trkpt><trkpt lat="-31.902892000000055" lon="-64.92681100000048"><ele>2319.388</ele><time>2025-04-19T21:35:36Z</time></trkpt><trkpt lat="-31.902917000000055" lon="-64.92668300000048"><ele>2332.494</ele><time>2025-04-19T21:36:32Z</time></trkpt><trkpt lat="-31.902880000000057" lon="-64.92664500000048"><ele>2333.616</ele><time>2025-04-19T21:37:44Z</time></trkpt><trkpt lat="-31.902840000000058" lon="-64.92654300000048"><ele>2334.987</ele><time>2025-04-19T21:38:20Z</time></trkpt><trkpt lat="-31.90279300000006" lon="-64.92652600000048"><ele>2334.171</ele><time>2025-04-19T21:38:28Z</time></trkpt><trkpt lat="-31.90273100000006" lon="-64.92652400000048"><ele>2332.468</ele><time>2025-04-19T21:38:37Z</time></trkpt><trkpt lat="-31.90261900000006" lon="-64.92662200000048"><ele>2327.752</ele><time>2025-04-19T21:38:48Z</time></trkpt><trkpt lat="-31.90242900000006" lon="-64.92650700000048"><ele>2324.253</ele><time>2025-04-19T21:39:22Z</time></trkpt><trkpt lat="-31.90242900000006" lon="-64.92644700000048"><ele>2325.108</ele><time>2025-04-19T21:39:30Z</time></trkpt><trkpt lat="-31.902424000000057" lon="-64.92639400000049"><ele>2325.809</ele><time>2025-04-19T21:39:35Z</time></trkpt><trkpt lat="-31.90242200000006" lon="-64.92633400000048"><ele>2326.777</ele><time>2025-04-19T21:39:41Z</time></trkpt><trkpt lat="-31.902417000000057" lon="-64.92628100000049"><ele>2327.375</ele><time>2025-04-19T21:39:48Z</time></trkpt><trkpt lat="-31.902375000000056" lon="-64.92622800000049"><ele>2326.884</ele><time>2025-04-19T21:39:56Z</time></trkpt><trkpt lat="-31.902343000000055" lon="-64.9261880000005"><ele>2326.424</ele><time>2025-04-19T21:40:03Z</time></trkpt><trkpt lat="-31.902323000000056" lon="-64.92614000000049"><ele>2326.510</ele><time>2025-04-19T21:40:12Z</time></trkpt><trkpt lat="-31.902336000000055" lon="-64.92608700000049"><ele>2327.712</ele><time>2025-04-19T21:40:17Z</time></trkpt><trkpt lat="-31.902351000000056" lon="-64.92603200000049"><ele>2329.113</ele><time>2025-04-19T21:40:21Z</time></trkpt><trkpt lat="-31.902346000000055" lon="-64.9259740000005"><ele>2329.847</ele><time>2025-04-19T21:40:26Z</time></trkpt><trkpt lat="-31.902334000000053" lon="-64.92591900000049"><ele>2330.324</ele><time>2025-04-19T21:40:35Z</time></trkpt><trkpt lat="-31.902304000000054" lon="-64.92586900000049"><ele>2330.178</ele><time>2025-04-19T21:40:48Z</time></trkpt><trkpt lat="-31.902299000000053" lon="-64.92579100000049"><ele>2330.033</ele><time>2025-04-19T21:41:17Z</time></trkpt><trkpt lat="-31.902262000000054" lon="-64.92575900000048"><ele>2328.626</ele><time>2025-04-19T21:41:24Z</time></trkpt><trkpt lat="-31.902222000000055" lon="-64.92572700000048"><ele>2327.109</ele><time>2025-04-19T21:41:30Z</time></trkpt><trkpt lat="-31.902180000000055" lon="-64.92567500000048"><ele>2325.429</ele><time>2025-04-19T21:41:38Z</time></trkpt><trkpt lat="-31.902132000000055" lon="-64.92567200000047"><ele>2324.117</ele><time>2025-04-19T21:41:44Z</time></trkpt><trkpt lat="-31.902087000000055" lon="-64.92568400000047"><ele>2322.946</ele><time>2025-04-19T21:41:50Z</time></trkpt><trkpt lat="-31.902040000000056" lon="-64.92569900000048"><ele>2321.666</ele><time>2025-04-19T21:41:56Z</time></trkpt><trkpt lat="-31.901940000000057" lon="-64.92571200000047"><ele>2318.832</ele><time>2025-04-19T21:42:46Z</time></trkpt><trkpt lat="-31.901915000000056" lon="-64.92578900000048"><ele>2318.034</ele><time>2025-04-19T21:43:06Z</time></trkpt><trkpt lat="-31.901823000000057" lon="-64.92589700000048"><ele>2314.175</ele><time>2025-04-19T21:44:21Z</time></trkpt><trkpt lat="-31.901788000000057" lon="-64.92593200000047"><ele>2312.429</ele><time>2025-04-19T21:44:30Z</time></trkpt><trkpt lat="-31.901746000000056" lon="-64.92595200000048"><ele>2310.726</ele><time>2025-04-19T21:44:39Z</time></trkpt><trkpt lat="-31.901711000000056" lon="-64.92599200000048"><ele>2309.016</ele><time>2025-04-19T21:44:54Z</time></trkpt><trkpt lat="-31.901659000000055" lon="-64.92592400000048"><ele>2308.776</ele><time>2025-04-19T21:45:07Z</time></trkpt><trkpt lat="-31.901571000000054" lon="-64.92594900000047"><ele>2309.613</ele><time>2025-04-19T21:45:52Z</time></trkpt><trkpt lat="-31.901531000000055" lon="-64.92598600000048"><ele>2309.509</ele><time>2025-04-19T21:46:00Z</time></trkpt><trkpt lat="-31.901488000000054" lon="-64.92600600000048"><ele>2309.733</ele><time>2025-04-19T21:46:08Z</time></trkpt><trkpt lat="-31.901468000000055" lon="-64.92605800000048"><ele>2309.181</ele><time>2025-04-19T21:46:15Z</time></trkpt><trkpt lat="-31.901420000000055" lon="-64.92606600000047"><ele>2309.680</ele><time>2025-04-19T21:46:22Z</time></trkpt><trkpt lat="-31.901360000000054" lon="-64.92602600000048"><ele>2311.170</ele><time>2025-04-19T21:46:43Z</time></trkpt><trkpt lat="-31.901282000000055" lon="-64.92605900000048"><ele>2311.546</ele><time>2025-04-19T21:47:22Z</time></trkpt><trkpt lat="-31.901187000000053" lon="-64.92609700000048"><ele>2311.998</ele><time>2025-04-19T21:47:50Z</time></trkpt><trkpt lat="-31.901200000000053" lon="-64.92619200000048"><ele>2309.859</ele><time>2025-04-19T21:48:07Z</time></trkpt><trkpt lat="-31.901162000000053" lon="-64.92605000000049"><ele>2313.213</ele><time>2025-04-19T21:49:51Z</time></trkpt><trkpt lat="-31.901200000000053" lon="-64.92637200000048"><ele>2306.010</ele><time>2025-04-19T21:50:11Z</time></trkpt><trkpt lat="-31.901182000000052" lon="-64.92627400000049"><ele>2308.213</ele><time>2025-04-19T21:50:13Z</time></trkpt><trkpt lat="-31.90118500000005" lon="-64.9262040000005"><ele>2309.743</ele><time>2025-04-19T21:52:01Z</time></trkpt><trkpt lat="-31.901238000000053" lon="-64.9261920000005"><ele>2309.307</ele><time>2025-04-19T21:53:41Z</time></trkpt><trkpt lat="-31.90105000000005" lon="-64.9262300000005"><ele>2310.609</ele><time>2025-04-19T21:55:34Z</time></trkpt><trkpt lat="-31.901103000000052" lon="-64.9262720000005"><ele>2309.173</ele><time>2025-04-19T21:55:43Z</time></trkpt><trkpt lat="-31.90115000000005" lon="-64.92613400000049"><ele>2311.671</ele><time>2025-04-19T21:55:54Z</time></trkpt><trkpt lat="-31.90123200000005" lon="-64.92615200000049"><ele>2310.260</ele><time>2025-04-19T21:56:16Z</time></trkpt><trkpt lat="-31.90125400000005" lon="-64.92610500000049"><ele>2310.950</ele><time>2025-04-19T21:56:19Z</time></trkpt><trkpt lat="-31.90119100000005" lon="-64.92616800000049"><ele>2310.466</ele><time>2025-04-19T21:56:43Z</time></trkpt><trkpt lat="-31.901203000000052" lon="-64.92611300000048"><ele>2311.478</ele><time>2025-04-19T21:57:44Z</time></trkpt><trkpt lat="-31.90119500000005" lon="-64.92617100000048"><ele>2310.399</ele><time>2025-04-19T21:58:22Z</time></trkpt><trkpt lat="-31.901172000000052" lon="-64.92625400000048"><ele>2308.873</ele><time>2025-04-19T21:58:55Z</time></trkpt><trkpt lat="-31.90111200000005" lon="-64.92626900000049"><ele>2309.150</ele><time>2025-04-19T21:59:03Z</time></trkpt><trkpt lat="-31.90110200000005" lon="-64.9261770000005"><ele>2311.242</ele><time>2025-04-19T21:59:49Z</time></trkpt><trkpt lat="-31.90105700000005" lon="-64.92619400000049"><ele>2311.422</ele><time>2025-04-19T21:59:52Z</time></trkpt><trkpt lat="-31.901065000000052" lon="-64.92613900000049"><ele>2312.514</ele><time>2025-04-19T22:00:01Z</time></trkpt><trkpt lat="-31.901103000000052" lon="-64.92610600000049"><ele>2312.809</ele><time>2025-04-19T22:00:31Z</time></trkpt><trkpt lat="-31.901128000000053" lon="-64.92623600000049"><ele>2309.666</ele><time>2025-04-19T22:00:48Z</time></trkpt><trkpt lat="-31.901158000000052" lon="-64.92617400000049"><ele>2310.654</ele><time>2025-04-19T22:01:09Z</time></trkpt><trkpt lat="-31.901151000000052" lon="-64.92624700000049"><ele>2309.133</ele><time>2025-04-19T22:01:20Z</time></trkpt><trkpt lat="-31.901134000000052" lon="-64.92606400000048"><ele>2313.333</ele><time>2025-04-19T22:04:34Z</time></trkpt><trkpt lat="-31.901131000000053" lon="-64.92611700000047"><ele>2312.219</ele><time>2025-04-19T22:04:42Z</time></trkpt><trkpt lat="-31.90117100000005" lon="-64.92619200000047"><ele>2310.171</ele><time>2025-04-19T22:04:50Z</time></trkpt><trkpt lat="-31.901203000000052" lon="-64.92606900000047"><ele>2312.322</ele><time>2025-04-19T22:07:02Z</time></trkpt><trkpt lat="-31.90123000000005" lon="-64.92602600000046"><ele>2312.816</ele><time>2025-04-19T22:07:15Z</time></trkpt><trkpt lat="-31.90127700000005" lon="-64.92601400000046"><ele>2312.433</ele><time>2025-04-19T22:07:31Z</time></trkpt><trkpt lat="-31.90131500000005" lon="-64.92598400000047"><ele>2312.575</ele><time>2025-04-19T22:07:49Z</time></trkpt><trkpt lat="-31.90135300000005" lon="-64.92601600000047"><ele>2311.428</ele><time>2025-04-19T22:07:55Z</time></trkpt><trkpt lat="-31.90140600000005" lon="-64.92602900000047"><ele>2310.420</ele><time>2025-04-19T22:08:07Z</time></trkpt><trkpt lat="-31.90144800000005" lon="-64.92600900000046"><ele>2310.209</ele><time>2025-04-19T22:08:17Z</time></trkpt><trkpt lat="-31.901500000000052" lon="-64.92596600000046"><ele>2310.319</ele><time>2025-04-19T22:08:32Z</time></trkpt><trkpt lat="-31.90153700000005" lon="-64.92592800000045"><ele>2310.427</ele><time>2025-04-19T22:08:47Z</time></trkpt><trkpt lat="-31.90157500000005" lon="-64.92589300000046"><ele>2310.446</ele><time>2025-04-19T22:08:56Z</time></trkpt><trkpt lat="-31.90162200000005" lon="-64.92589000000045"><ele>2309.866</ele><time>2025-04-19T22:09:02Z</time></trkpt><trkpt lat="-31.90169000000005" lon="-64.92586200000045"><ele>2310.322</ele><time>2025-04-19T22:09:37Z</time></trkpt><trkpt lat="-31.90172500000005" lon="-64.92582700000045"><ele>2311.954</ele><time>2025-04-19T22:09:46Z</time></trkpt><trkpt lat="-31.90177300000005" lon="-64.92582400000045"><ele>2313.555</ele><time>2025-04-19T22:09:55Z</time></trkpt><trkpt lat="-31.901855000000047" lon="-64.92574400000045"><ele>2316.349</ele><time>2025-04-19T22:10:41Z</time></trkpt><trkpt lat="-31.901918000000048" lon="-64.92565900000045"><ele>2318.126</ele><time>2025-04-19T22:11:15Z</time></trkpt><trkpt lat="-31.902025000000048" lon="-64.92568700000045"><ele>2321.245</ele><time>2025-04-19T22:12:25Z</time></trkpt><trkpt lat="-31.902090000000047" lon="-64.92569500000045"><ele>2323.047</ele><time>2025-04-19T22:13:05Z</time></trkpt><trkpt lat="-31.90211200000005" lon="-64.92564700000044"><ele>2323.411</ele><time>2025-04-19T22:13:15Z</time></trkpt><trkpt lat="-31.90215500000005" lon="-64.92562200000044"><ele>2324.409</ele><time>2025-04-19T22:13:24Z</time></trkpt><trkpt lat="-31.90220300000005" lon="-64.92564700000044"><ele>2325.876</ele><time>2025-04-19T22:13:28Z</time></trkpt><trkpt lat="-31.902236000000048" lon="-64.92569400000043"><ele>2327.274</ele><time>2025-04-19T22:13:32Z</time></trkpt><trkpt lat="-31.90224800000005" lon="-64.92574900000044"><ele>2328.043</ele><time>2025-04-19T22:13:36Z</time></trkpt><trkpt lat="-31.90228800000005" lon="-64.92579400000044"><ele>2329.723</ele><time>2025-04-19T22:13:42Z</time></trkpt><trkpt lat="-31.90230600000005" lon="-64.92585100000043"><ele>2330.439</ele><time>2025-04-19T22:13:50Z</time></trkpt><trkpt lat="-31.90236100000005" lon="-64.92593600000043"><ele>2330.991</ele><time>2025-04-19T22:14:15Z</time></trkpt><trkpt lat="-31.90235800000005" lon="-64.92599600000044"><ele>2329.942</ele><time>2025-04-19T22:14:21Z</time></trkpt><trkpt lat="-31.90236100000005" lon="-64.92605400000043"><ele>2329.186</ele><time>2025-04-19T22:14:26Z</time></trkpt><trkpt lat="-31.90240400000005" lon="-64.92618900000043"><ele>2328.383</ele><time>2025-04-19T22:14:53Z</time></trkpt><trkpt lat="-31.90245900000005" lon="-64.92622100000044"><ele>2329.616</ele><time>2025-04-19T22:15:00Z</time></trkpt><trkpt lat="-31.90244700000005" lon="-64.92627800000044"><ele>2328.376</ele><time>2025-04-19T22:15:11Z</time></trkpt><trkpt lat="-31.90245900000005" lon="-64.92633500000044"><ele>2327.813</ele><time>2025-04-19T22:15:14Z</time></trkpt><trkpt lat="-31.90247200000005" lon="-64.92638700000043"><ele>2327.509</ele><time>2025-04-19T22:15:18Z</time></trkpt><trkpt lat="-31.90251700000005" lon="-64.92642700000043"><ele>2328.283</ele><time>2025-04-19T22:15:27Z</time></trkpt><trkpt lat="-31.90275200000005" lon="-64.92649900000043"><ele>2333.581</ele><time>2025-04-19T22:16:08Z</time></trkpt><trkpt lat="-31.90279700000005" lon="-64.92651900000044"><ele>2334.350</ele><time>2025-04-19T22:16:13Z</time></trkpt><trkpt lat="-31.90284900000005" lon="-64.92654900000043"><ele>2335.070</ele><time>2025-04-19T22:16:17Z</time></trkpt><trkpt lat="-31.90289900000005" lon="-64.92655400000044"><ele>2336.216</ele><time>2025-04-19T22:16:22Z</time></trkpt><trkpt lat="-31.90291200000005" lon="-64.92665700000043"><ele>2334.128</ele><time>2025-04-19T22:16:58Z</time></trkpt><trkpt lat="-31.90295200000005" lon="-64.92669000000043"><ele>2332.619</ele><time>2025-04-19T22:17:05Z</time></trkpt><trkpt lat="-31.90291000000005" lon="-64.92671300000043"><ele>2329.383</ele><time>2025-04-19T22:17:22Z</time></trkpt><trkpt lat="-31.90292500000005" lon="-64.92679500000044"><ele>2321.760</ele><time>2025-04-19T22:17:47Z</time></trkpt><trkpt lat="-31.90291000000005" lon="-64.92691800000044"><ele>2309.479</ele><time>2025-04-19T22:18:22Z</time></trkpt><trkpt lat="-31.902995000000047" lon="-64.92698100000044"><ele>2305.505</ele><time>2025-04-19T22:18:56Z</time></trkpt><trkpt lat="-31.903050000000047" lon="-64.92702100000044"><ele>2303.225</ele><time>2025-04-19T22:19:33Z</time></trkpt><trkpt lat="-31.903007000000045" lon="-64.92704600000043"><ele>2299.609</ele><time>2025-04-19T22:19:54Z</time></trkpt><trkpt lat="-31.902974000000047" lon="-64.92708300000044"><ele>2295.119</ele><time>2025-04-19T22:20:05Z</time></trkpt><trkpt lat="-31.902944000000048" lon="-64.92712300000044"><ele>2290.447</ele><time>2025-04-19T22:20:29Z</time></trkpt><trkpt lat="-31.902982000000048" lon="-64.92716100000044"><ele>2287.846</ele><time>2025-04-19T22:20:50Z</time></trkpt><trkpt lat="-31.90302500000005" lon="-64.92717900000044"><ele>2287.336</ele><time>2025-04-19T22:20:58Z</time></trkpt><trkpt lat="-31.903062000000048" lon="-64.92721900000043"><ele>2284.592</ele><time>2025-04-19T22:21:08Z</time></trkpt><trkpt lat="-31.90309400000005" lon="-64.92725900000043"><ele>2281.664</ele><time>2025-04-19T22:21:30Z</time></trkpt><trkpt lat="-31.903117000000048" lon="-64.92731100000043"><ele>2277.355</ele><time>2025-04-19T22:21:44Z</time></trkpt><trkpt lat="-31.90314900000005" lon="-64.92735800000042"><ele>2273.859</ele><time>2025-04-19T22:21:52Z</time></trkpt><trkpt lat="-31.90318400000005" lon="-64.92739300000042"><ele>2271.516</ele><time>2025-04-19T22:22:01Z</time></trkpt><trkpt lat="-31.90313900000005" lon="-64.92740300000042"><ele>2269.249</ele><time>2025-04-19T22:22:15Z</time></trkpt><trkpt lat="-31.903089000000048" lon="-64.92740800000043"><ele>2267.202</ele><time>2025-04-19T22:22:22Z</time></trkpt><trkpt lat="-31.903117000000048" lon="-64.92745600000043"><ele>2263.522</ele><time>2025-04-19T22:22:35Z</time></trkpt><trkpt lat="-31.903095000000047" lon="-64.92750400000044"><ele>2258.309</ele><time>2025-04-19T22:22:45Z</time></trkpt><trkpt lat="-31.903117000000048" lon="-64.92755900000044"><ele>2255.326</ele><time>2025-04-19T22:22:57Z</time></trkpt><trkpt lat="-31.903154000000047" lon="-64.92759100000045"><ele>2254.284</ele><time>2025-04-19T22:23:03Z</time></trkpt><trkpt lat="-31.90315900000005" lon="-64.92764400000044"><ele>2250.733</ele><time>2025-04-19T22:23:13Z</time></trkpt><trkpt lat="-31.90323200000005" lon="-64.92773900000044"><ele>2245.633</ele><time>2025-04-19T22:23:46Z</time></trkpt><trkpt lat="-31.90327000000005" lon="-64.92784400000045"><ele>2238.699</ele><time>2025-04-19T22:24:08Z</time></trkpt><trkpt lat="-31.90331500000005" lon="-64.92785700000044"><ele>2238.371</ele><time>2025-04-19T22:24:19Z</time></trkpt><trkpt lat="-31.90337200000005" lon="-64.92785500000045"><ele>2239.142</ele><time>2025-04-19T22:24:27Z</time></trkpt><trkpt lat="-31.90341700000005" lon="-64.92784800000045"><ele>2240.126</ele><time>2025-04-19T22:24:37Z</time></trkpt><trkpt lat="-31.90346500000005" lon="-64.92784000000046"><ele>2241.233</ele><time>2025-04-19T22:24:43Z</time></trkpt><trkpt lat="-31.90351200000005" lon="-64.92784800000045"><ele>2241.118</ele><time>2025-04-19T22:24:49Z</time></trkpt><trkpt lat="-31.90355500000005" lon="-64.92786600000045"><ele>2240.198</ele><time>2025-04-19T22:25:00Z</time></trkpt><trkpt lat="-31.90358300000005" lon="-64.92790800000044"><ele>2237.117</ele><time>2025-04-19T22:25:08Z</time></trkpt><trkpt lat="-31.90362100000005" lon="-64.92794100000044"><ele>2234.909</ele><time>2025-04-19T22:25:16Z</time></trkpt><trkpt lat="-31.90366100000005" lon="-64.92796800000045"><ele>2233.123</ele><time>2025-04-19T22:25:21Z</time></trkpt><trkpt lat="-31.903708000000048" lon="-64.92797800000045"><ele>2232.851</ele><time>2025-04-19T22:25:28Z</time></trkpt><trkpt lat="-31.903755000000046" lon="-64.92799100000045"><ele>2232.250</ele><time>2025-04-19T22:25:37Z</time></trkpt><trkpt lat="-31.903802000000045" lon="-64.92800300000044"><ele>2231.610</ele><time>2025-04-19T22:25:45Z</time></trkpt><trkpt lat="-31.903849000000044" lon="-64.92802500000045"><ele>2230.326</ele><time>2025-04-19T22:25:54Z</time></trkpt><trkpt lat="-31.903897000000043" lon="-64.92803200000044"><ele>2230.258</ele><time>2025-04-19T22:26:03Z</time></trkpt><trkpt lat="-31.903940000000045" lon="-64.92805500000044"><ele>2228.779</ele><time>2025-04-19T22:26:13Z</time></trkpt><trkpt lat="-31.903987000000043" lon="-64.92808000000043"><ele>2227.113</ele><time>2025-04-19T22:26:22Z</time></trkpt><trkpt lat="-31.904037000000045" lon="-64.92806700000044"><ele>2228.640</ele><time>2025-04-19T22:26:33Z</time></trkpt><trkpt lat="-31.904072000000046" lon="-64.92810400000045"><ele>2225.924</ele><time>2025-04-19T22:26:41Z</time></trkpt><trkpt lat="-31.904059000000046" lon="-64.92815600000044"><ele>2221.604</ele><time>2025-04-19T22:26:53Z</time></trkpt><trkpt lat="-31.904024000000046" lon="-64.92819300000045"><ele>2218.314</ele><time>2025-04-19T22:27:16Z</time></trkpt><trkpt lat="-31.903974000000044" lon="-64.92824000000044"><ele>2214.109</ele><time>2025-04-19T22:27:32Z</time></trkpt><trkpt lat="-31.903927000000046" lon="-64.92826500000044"><ele>2211.814</ele><time>2025-04-19T22:27:41Z</time></trkpt><trkpt lat="-31.903884000000044" lon="-64.92828300000043"><ele>2210.032</ele><time>2025-04-19T22:27:47Z</time></trkpt><trkpt lat="-31.903837000000046" lon="-64.92826800000043"><ele>2210.831</ele><time>2025-04-19T22:27:53Z</time></trkpt><trkpt lat="-31.903794000000044" lon="-64.92825300000042"><ele>2211.711</ele><time>2025-04-19T22:28:00Z</time></trkpt><trkpt lat="-31.903749000000044" lon="-64.92827500000043"><ele>2209.677</ele><time>2025-04-19T22:28:08Z</time></trkpt><trkpt lat="-31.903734000000043" lon="-64.92832800000042"><ele>2205.329</ele><time>2025-04-19T22:28:17Z</time></trkpt><trkpt lat="-31.90381200000004" lon="-64.92838100000041"><ele>2203.030</ele><time>2025-04-19T22:28:48Z</time></trkpt><trkpt lat="-31.903855000000043" lon="-64.92839600000042"><ele>2202.594</ele><time>2025-04-19T22:28:52Z</time></trkpt><trkpt lat="-31.903882000000042" lon="-64.92844900000041"><ele>2199.851</ele><time>2025-04-19T22:29:13Z</time></trkpt><trkpt lat="-31.903845000000043" lon="-64.92848400000041"><ele>2197.889</ele><time>2025-04-19T22:29:23Z</time></trkpt><trkpt lat="-31.903793000000043" lon="-64.92850100000041"><ele>2196.706</ele><time>2025-04-19T22:29:32Z</time></trkpt><trkpt lat="-31.903798000000045" lon="-64.9285590000004"><ele>2193.826</ele><time>2025-04-19T22:29:40Z</time></trkpt><trkpt lat="-31.903846000000044" lon="-64.9285670000004"><ele>2193.509</ele><time>2025-04-19T22:29:51Z</time></trkpt><trkpt lat="-31.903891000000044" lon="-64.9285770000004"><ele>2193.050</ele><time>2025-04-19T22:30:01Z</time></trkpt><trkpt lat="-31.903934000000046" lon="-64.9286040000004"><ele>2191.748</ele><time>2025-04-19T22:30:19Z</time></trkpt><trkpt lat="-31.903979000000046" lon="-64.9286210000004"><ele>2190.867</ele><time>2025-04-19T22:30:30Z</time></trkpt><trkpt lat="-31.904021000000046" lon="-64.9286460000004"><ele>2189.547</ele><time>2025-04-19T22:30:40Z</time></trkpt><trkpt lat="-31.904066000000046" lon="-64.92865400000039"><ele>2189.173</ele><time>2025-04-19T22:30:48Z</time></trkpt><trkpt lat="-31.904113000000045" lon="-64.9286420000004"><ele>2189.895</ele><time>2025-04-19T22:30:54Z</time></trkpt><trkpt lat="-31.904161000000045" lon="-64.9286350000004"><ele>2190.356</ele><time>2025-04-19T22:31:03Z</time></trkpt><trkpt lat="-31.904159000000046" lon="-64.9286920000004"><ele>2186.920</ele><time>2025-04-19T22:31:26Z</time></trkpt><trkpt lat="-31.904114000000046" lon="-64.92869400000039"><ele>2186.857</ele><time>2025-04-19T22:31:36Z</time></trkpt><trkpt lat="-31.904027000000045" lon="-64.92873400000039"><ele>2184.637</ele><time>2025-04-19T22:32:00Z</time></trkpt><trkpt lat="-31.903985000000045" lon="-64.92875600000039"><ele>2183.449</ele><time>2025-04-19T22:32:09Z</time></trkpt><trkpt lat="-31.904012000000044" lon="-64.9287990000004"><ele>2181.013</ele><time>2025-04-19T22:32:22Z</time></trkpt><trkpt lat="-31.904062000000046" lon="-64.9288140000004"><ele>2180.009</ele><time>2025-04-19T22:32:30Z</time></trkpt><trkpt lat="-31.904107000000046" lon="-64.92881700000041"><ele>2179.755</ele><time>2025-04-19T22:32:40Z</time></trkpt><trkpt lat="-31.904147000000044" lon="-64.9288470000004"><ele>2177.923</ele><time>2025-04-19T22:32:51Z</time></trkpt><trkpt lat="-31.904137000000045" lon="-64.9288990000004"><ele>2174.972</ele><time>2025-04-19T22:33:06Z</time></trkpt><trkpt lat="-31.904092000000045" lon="-64.9288690000004"><ele>2176.892</ele><time>2025-04-19T22:33:15Z</time></trkpt><trkpt lat="-31.904045000000046" lon="-64.9288790000004"><ele>2176.428</ele><time>2025-04-19T22:33:24Z</time></trkpt><trkpt lat="-31.903997000000047" lon="-64.92888200000041"><ele>2176.410</ele><time>2025-04-19T22:33:30Z</time></trkpt><trkpt lat="-31.903945000000046" lon="-64.92889400000041"><ele>2175.961</ele><time>2025-04-19T22:33:36Z</time></trkpt><trkpt lat="-31.903900000000046" lon="-64.92889700000042"><ele>2176.015</ele><time>2025-04-19T22:33:43Z</time></trkpt><trkpt lat="-31.903855000000046" lon="-64.92892500000042"><ele>2174.712</ele><time>2025-04-19T22:33:53Z</time></trkpt><trkpt lat="-31.903810000000046" lon="-64.92894000000042"><ele>2174.199</ele><time>2025-04-19T22:34:01Z</time></trkpt><trkpt lat="-31.903767000000045" lon="-64.92896700000043"><ele>2173.007</ele><time>2025-04-19T22:34:09Z</time></trkpt><trkpt lat="-31.903729000000045" lon="-64.92899700000042"><ele>2171.727</ele><time>2025-04-19T22:34:19Z</time></trkpt><trkpt lat="-31.903729000000045" lon="-64.92905500000042"><ele>2168.809</ele><time>2025-04-19T22:34:51Z</time></trkpt><trkpt lat="-31.903772000000046" lon="-64.92907700000042"><ele>2167.381</ele><time>2025-04-19T22:34:59Z</time></trkpt><trkpt lat="-31.903822000000048" lon="-64.92907500000042"><ele>2167.139</ele><time>2025-04-19T22:35:07Z</time></trkpt><trkpt lat="-31.90385400000005" lon="-64.92911500000042"><ele>2164.798</ele><time>2025-04-19T22:35:17Z</time></trkpt><trkpt lat="-31.90388200000005" lon="-64.92915700000042"><ele>2162.288</ele><time>2025-04-19T22:35:32Z</time></trkpt><trkpt lat="-31.90391400000005" lon="-64.92922000000041"><ele>2158.614</ele><time>2025-04-19T22:35:50Z</time></trkpt><trkpt lat="-31.90392900000005" lon="-64.92928000000042"><ele>2155.356</ele><time>2025-04-19T22:36:49Z</time></trkpt><trkpt lat="-31.90397400000005" lon="-64.92929300000041"><ele>2154.157</ele><time>2025-04-19T22:37:00Z</time></trkpt><trkpt lat="-31.90401900000005" lon="-64.92930100000041"><ele>2153.361</ele><time>2025-04-19T22:37:07Z</time></trkpt><trkpt lat="-31.90402600000005" lon="-64.9293580000004"><ele>2150.248</ele><time>2025-04-19T22:37:24Z</time></trkpt><trkpt lat="-31.904093000000053" lon="-64.9294050000004"><ele>2147.163</ele><time>2025-04-19T22:37:49Z</time></trkpt><trkpt lat="-31.904101000000054" lon="-64.9294580000004"><ele>2144.244</ele><time>2025-04-19T22:38:00Z</time></trkpt><trkpt lat="-31.904146000000054" lon="-64.9294800000004"><ele>2142.618</ele><time>2025-04-19T22:38:14Z</time></trkpt><trkpt lat="-31.904193000000053" lon="-64.92947700000039"><ele>2142.709</ele><time>2025-04-19T22:38:22Z</time></trkpt><trkpt lat="-31.90424000000005" lon="-64.92947700000039"><ele>2142.828</ele><time>2025-04-19T22:38:31Z</time></trkpt><trkpt lat="-31.90431200000005" lon="-64.9294920000004"><ele>2142.236</ele><time>2025-04-19T22:39:01Z</time></trkpt><trkpt lat="-31.904327000000052" lon="-64.92954400000039"><ele>2139.445</ele><time>2025-04-19T22:39:19Z</time></trkpt><trkpt lat="-31.904380000000053" lon="-64.9295370000004"><ele>2139.915</ele><time>2025-04-19T22:39:26Z</time></trkpt><trkpt lat="-31.904425000000053" lon="-64.92952200000039"><ele>2140.921</ele><time>2025-04-19T22:39:31Z</time></trkpt><trkpt lat="-31.904525000000053" lon="-64.92952200000039"><ele>2141.123</ele><time>2025-04-19T22:40:10Z</time></trkpt><trkpt lat="-31.904573000000052" lon="-64.9295200000004"><ele>2141.374</ele><time>2025-04-19T22:40:17Z</time></trkpt><trkpt lat="-31.904573000000052" lon="-64.92957300000039"><ele>2138.398</ele><time>2025-04-19T22:40:39Z</time></trkpt><trkpt lat="-31.904550000000054" lon="-64.92962300000039"><ele>2135.455</ele><time>2025-04-19T22:40:49Z</time></trkpt><trkpt lat="-31.904600000000055" lon="-64.9296330000004"><ele>2134.956</ele><time>2025-04-19T22:41:10Z</time></trkpt><trkpt lat="-31.904647000000054" lon="-64.9296210000004"><ele>2135.759</ele><time>2025-04-19T22:41:20Z</time></trkpt><trkpt lat="-31.904764000000053" lon="-64.92962800000039"><ele>2135.414</ele><time>2025-04-19T22:41:51Z</time></trkpt><trkpt lat="-31.904822000000053" lon="-64.92962500000039"><ele>2135.709</ele><time>2025-04-19T22:42:18Z</time></trkpt><trkpt lat="-31.904867000000053" lon="-64.92961800000039"><ele>2136.237</ele><time>2025-04-19T22:42:26Z</time></trkpt><trkpt lat="-31.904912000000053" lon="-64.9296160000004"><ele>2136.425</ele><time>2025-04-19T22:42:34Z</time></trkpt><trkpt lat="-31.904957000000053" lon="-64.9296190000004"><ele>2136.324</ele><time>2025-04-19T22:42:40Z</time></trkpt><trkpt lat="-31.905005000000052" lon="-64.9296170000004"><ele>2136.574</ele><time>2025-04-19T22:42:47Z</time></trkpt><trkpt lat="-31.905050000000053" lon="-64.9296140000004"><ele>2137.310</ele><time>2025-04-19T22:42:51Z</time></trkpt><trkpt lat="-31.90509700000005" lon="-64.9296260000004"><ele>2137.312</ele><time>2025-04-19T22:42:58Z</time></trkpt><trkpt lat="-31.90514900000005" lon="-64.9296410000004"><ele>2137.083</ele><time>2025-04-19T22:43:07Z</time></trkpt><trkpt lat="-31.90519400000005" lon="-64.9296580000004"><ele>2136.667</ele><time>2025-04-19T22:43:15Z</time></trkpt><trkpt lat="-31.90524600000005" lon="-64.92967800000041"><ele>2136.084</ele><time>2025-04-19T22:43:29Z</time></trkpt><trkpt lat="-31.905289000000053" lon="-64.92969500000041"><ele>2135.597</ele><time>2025-04-19T22:43:35Z</time></trkpt><trkpt lat="-31.905337000000053" lon="-64.9297020000004"><ele>2135.723</ele><time>2025-04-19T22:43:44Z</time></trkpt><trkpt lat="-31.905382000000053" lon="-64.9297120000004"><ele>2135.725</ele><time>2025-04-19T22:43:54Z</time></trkpt><trkpt lat="-31.905430000000052" lon="-64.9297120000004"><ele>2136.309</ele><time>2025-04-19T22:44:00Z</time></trkpt><trkpt lat="-31.905482000000053" lon="-64.92971700000041"><ele>2136.761</ele><time>2025-04-19T22:44:07Z</time></trkpt><trkpt lat="-31.905520000000053" lon="-64.92974900000041"><ele>2135.119</ele><time>2025-04-19T22:44:21Z</time></trkpt><trkpt lat="-31.905542000000054" lon="-64.92979900000041"><ele>2132.148</ele><time>2025-04-19T22:44:31Z</time></trkpt><trkpt lat="-31.905605000000055" lon="-64.92972100000041"><ele>2138.138</ele><time>2025-04-19T22:45:01Z</time></trkpt><trkpt lat="-31.905710000000056" lon="-64.92975800000042"><ele>2137.084</ele><time>2025-04-19T22:45:28Z</time></trkpt><trkpt lat="-31.905667000000054" lon="-64.92986000000042"><ele>2129.636</ele><time>2025-04-19T22:46:05Z</time></trkpt><trkpt lat="-31.905707000000053" lon="-64.92988800000042"><ele>2128.237</ele><time>2025-04-19T22:46:11Z</time></trkpt><trkpt lat="-31.90578500000005" lon="-64.92990600000041"><ele>2127.931</ele><time>2025-04-19T22:46:44Z</time></trkpt><trkpt lat="-31.90587000000005" lon="-64.92995600000042"><ele>2125.328</ele><time>2025-04-19T22:47:04Z</time></trkpt><trkpt lat="-31.90590300000005" lon="-64.92999300000042"><ele>2123.144</ele><time>2025-04-19T22:47:14Z</time></trkpt><trkpt lat="-31.905961000000048" lon="-64.93001600000042"><ele>2122.005</ele><time>2025-04-19T22:47:28Z</time></trkpt><trkpt lat="-31.906029000000046" lon="-64.93005800000041"><ele>2119.615</ele><time>2025-04-19T22:48:18Z</time></trkpt><trkpt lat="-31.906067000000046" lon="-64.93009100000042"><ele>2117.709</ele><time>2025-04-19T22:48:29Z</time></trkpt><trkpt lat="-31.906112000000046" lon="-64.93010300000041"><ele>2117.356</ele><time>2025-04-19T22:48:36Z</time></trkpt><trkpt lat="-31.906175000000047" lon="-64.93014000000042"><ele>2115.384</ele><time>2025-04-19T22:48:48Z</time></trkpt><trkpt lat="-31.906208000000046" lon="-64.93018200000041"><ele>2112.843</ele><time>2025-04-19T22:48:57Z</time></trkpt><trkpt lat="-31.906253000000046" lon="-64.93020500000041"><ele>2111.673</ele><time>2025-04-19T22:49:04Z</time></trkpt><trkpt lat="-31.906296000000047" lon="-64.93022000000042"><ele>2111.019</ele><time>2025-04-19T22:49:11Z</time></trkpt><trkpt lat="-31.906343000000046" lon="-64.93021700000041"><ele>2111.791</ele><time>2025-04-19T22:49:19Z</time></trkpt><trkpt lat="-31.906388000000046" lon="-64.9302300000004"><ele>2111.372</ele><time>2025-04-19T22:49:27Z</time></trkpt><trkpt lat="-31.906433000000046" lon="-64.9302370000004"><ele>2111.356</ele><time>2025-04-19T22:49:40Z</time></trkpt><trkpt lat="-31.906475000000047" lon="-64.9302590000004"><ele>2110.243</ele><time>2025-04-19T22:49:49Z</time></trkpt><trkpt lat="-31.906522000000045" lon="-64.9302770000004"><ele>2109.538</ele><time>2025-04-19T22:49:55Z</time></trkpt><trkpt lat="-31.906572000000047" lon="-64.9302950000004"><ele>2108.970</ele><time>2025-04-19T22:50:04Z</time></trkpt><trkpt lat="-31.906609000000046" lon="-64.9303270000004"><ele>2107.217</ele><time>2025-04-19T22:50:14Z</time></trkpt><trkpt lat="-31.906662000000047" lon="-64.9303520000004"><ele>2106.109</ele><time>2025-04-19T22:50:24Z</time></trkpt><trkpt lat="-31.906707000000047" lon="-64.9303620000004"><ele>2105.645</ele><time>2025-04-19T22:50:29Z</time></trkpt><trkpt lat="-31.90676700000005" lon="-64.9303620000004"><ele>2105.753</ele><time>2025-04-19T22:50:39Z</time></trkpt><trkpt lat="-31.906814000000047" lon="-64.9303740000004"><ele>2105.022</ele><time>2025-04-19T22:50:49Z</time></trkpt><trkpt lat="-31.906992000000045" lon="-64.9304390000004"><ele>2101.522</ele><time>2025-04-19T22:51:46Z</time></trkpt><trkpt lat="-31.907089000000045" lon="-64.9304390000004"><ele>2101.848</ele><time>2025-04-19T22:52:10Z</time></trkpt><trkpt lat="-31.907094000000047" lon="-64.93052200000041"><ele>2097.190</ele><time>2025-04-19T22:52:33Z</time></trkpt><trkpt lat="-31.907154000000048" lon="-64.93058700000041"><ele>2093.881</ele><time>2025-04-19T22:52:59Z</time></trkpt><trkpt lat="-31.90719900000005" lon="-64.93060400000041"><ele>2093.165</ele><time>2025-04-19T22:53:08Z</time></trkpt><trkpt lat="-31.90724400000005" lon="-64.93061200000041"><ele>2093.092</ele><time>2025-04-19T22:53:16Z</time></trkpt><trkpt lat="-31.907299000000048" lon="-64.9306250000004"><ele>2092.755</ele><time>2025-04-19T22:53:27Z</time></trkpt><trkpt lat="-31.907354000000048" lon="-64.9306520000004"><ele>2091.707</ele><time>2025-04-19T22:53:39Z</time></trkpt><trkpt lat="-31.907399000000048" lon="-64.93066700000041"><ele>2091.217</ele><time>2025-04-19T22:53:48Z</time></trkpt><trkpt lat="-31.907342000000046" lon="-64.93078500000041"><ele>2084.809</ele><time>2025-04-19T22:54:31Z</time></trkpt><trkpt lat="-31.907294000000046" lon="-64.93078800000042"><ele>2084.167</ele><time>2025-04-19T22:54:38Z</time></trkpt><trkpt lat="-31.907166000000046" lon="-64.93080100000041"><ele>2082.285</ele><time>2025-04-19T22:55:20Z</time></trkpt><trkpt lat="-31.907204000000046" lon="-64.93085600000042"><ele>2079.314</ele><time>2025-04-19T22:55:54Z</time></trkpt><trkpt lat="-31.907264000000048" lon="-64.93091900000042"><ele>2075.884</ele><time>2025-04-19T22:56:25Z</time></trkpt><trkpt lat="-31.907309000000048" lon="-64.93092400000042"><ele>2075.940</ele><time>2025-04-19T22:56:30Z</time></trkpt><trkpt lat="-31.907297000000046" lon="-64.93097900000042"><ele>2072.222</ele><time>2025-04-19T22:56:55Z</time></trkpt><trkpt lat="-31.907247000000044" lon="-64.93098900000042"><ele>2071.083</ele><time>2025-04-19T22:57:04Z</time></trkpt><trkpt lat="-31.907202000000044" lon="-64.93098100000043"><ele>2071.137</ele><time>2025-04-19T22:57:12Z</time></trkpt><trkpt lat="-31.907159000000043" lon="-64.93100100000044"><ele>2069.464</ele><time>2025-04-19T22:57:23Z</time></trkpt><trkpt lat="-31.90709900000004" lon="-64.93108400000044"><ele>2063.424</ele><time>2025-04-19T22:57:46Z</time></trkpt><trkpt lat="-31.907051000000042" lon="-64.93109700000043"><ele>2062.104</ele><time>2025-04-19T22:57:58Z</time></trkpt><trkpt lat="-31.90704600000004" lon="-64.93115000000043"><ele>2058.614</ele><time>2025-04-19T22:58:16Z</time></trkpt><trkpt lat="-31.90700300000004" lon="-64.93118500000043"><ele>2056.009</ele><time>2025-04-19T22:58:52Z</time></trkpt><trkpt lat="-31.90699000000004" lon="-64.93124800000042"><ele>2051.844</ele><time>2025-04-19T22:59:12Z</time></trkpt><trkpt lat="-31.90698000000004" lon="-64.93130500000042"><ele>2048.162</ele><time>2025-04-19T22:59:22Z</time></trkpt><trkpt lat="-31.90697000000004" lon="-64.93135800000042"><ele>2044.621</ele><time>2025-04-19T22:59:29Z</time></trkpt><trkpt lat="-31.90700800000004" lon="-64.93132600000041"><ele>2047.081</ele><time>2025-04-19T22:59:57Z</time></trkpt><trkpt lat="-31.90705300000004" lon="-64.93131600000041"><ele>2048.027</ele><time>2025-04-19T23:00:04Z</time></trkpt><trkpt lat="-31.90709800000004" lon="-64.93128800000041"><ele>2050.279</ele><time>2025-04-19T23:00:16Z</time></trkpt><trkpt lat="-31.90716800000004" lon="-64.93129800000041"><ele>2050.110</ele><time>2025-04-19T23:00:35Z</time></trkpt><trkpt lat="-31.90722300000004" lon="-64.93129800000041"><ele>2050.514</ele><time>2025-04-19T23:00:42Z</time></trkpt><trkpt lat="-31.907293000000042" lon="-64.93133300000041"><ele>2048.831</ele><time>2025-04-19T23:01:12Z</time></trkpt><trkpt lat="-31.90725000000004" lon="-64.93138100000041"><ele>2045.328</ele><time>2025-04-19T23:01:33Z</time></trkpt><trkpt lat="-31.90723800000004" lon="-64.93145800000042"><ele>2040.189</ele><time>2025-04-19T23:02:15Z</time></trkpt><trkpt lat="-31.90728000000004" lon="-64.93148100000042"><ele>2038.917</ele><time>2025-04-19T23:02:26Z</time></trkpt><trkpt lat="-31.90733800000004" lon="-64.93146400000042"><ele>2040.509</ele><time>2025-04-19T23:02:38Z</time></trkpt><trkpt lat="-31.907393000000038" lon="-64.93146600000041"><ele>2040.794</ele><time>2025-04-19T23:02:49Z</time></trkpt><trkpt lat="-31.90747000000004" lon="-64.93151300000041"><ele>2038.122</ele><time>2025-04-19T23:03:10Z</time></trkpt><trkpt lat="-31.907503000000037" lon="-64.93156800000041"><ele>2034.751</ele><time>2025-04-19T23:03:34Z</time></trkpt><trkpt lat="-31.907438000000038" lon="-64.93166100000042"><ele>2028.041</ele><time>2025-04-19T23:04:24Z</time></trkpt><trkpt lat="-31.907440000000037" lon="-64.93171600000042"><ele>2025.727</ele><time>2025-04-19T23:04:38Z</time></trkpt><trkpt lat="-31.907425000000035" lon="-64.93176600000042"><ele>2023.539</ele><time>2025-04-19T23:04:45Z</time></trkpt><trkpt lat="-31.907483000000035" lon="-64.93179600000042"><ele>2022.970</ele><time>2025-04-19T23:05:03Z</time></trkpt><trkpt lat="-31.907511000000035" lon="-64.93184600000042"><ele>2021.594</ele><time>2025-04-19T23:05:09Z</time></trkpt><trkpt lat="-31.907501000000035" lon="-64.93194100000042"><ele>2017.581</ele><time>2025-04-19T23:07:19Z</time></trkpt><trkpt lat="-31.907576000000034" lon="-64.93189300000041"><ele>2021.989</ele><time>2025-04-19T23:07:56Z</time></trkpt><trkpt lat="-31.907636000000036" lon="-64.93194000000041"><ele>2022.406</ele><time>2025-04-19T23:08:50Z</time></trkpt><trkpt lat="-31.907626000000036" lon="-64.9319930000004"><ele>2020.426</ele><time>2025-04-19T23:08:59Z</time></trkpt><trkpt lat="-31.907596000000037" lon="-64.93204100000041"><ele>2017.709</ele><time>2025-04-19T23:09:13Z</time></trkpt><trkpt lat="-31.90757300000004" lon="-64.93208900000042"><ele>2015.060</ele><time>2025-04-19T23:09:23Z</time></trkpt><trkpt lat="-31.90761800000004" lon="-64.93207100000042"><ele>2017.638</ele><time>2025-04-19T23:09:36Z</time></trkpt><trkpt lat="-31.907720000000037" lon="-64.93207400000043"><ele>2022.047</ele><time>2025-04-19T23:10:02Z</time></trkpt><trkpt lat="-31.907820000000036" lon="-64.93202900000043"><ele>2027.397</ele><time>2025-04-19T23:10:36Z</time></trkpt><trkpt lat="-31.907868000000036" lon="-64.93203600000042"><ele>2029.263</ele><time>2025-04-19T23:10:42Z</time></trkpt><trkpt lat="-31.907901000000034" lon="-64.93209300000042"><ele>2029.755</ele><time>2025-04-19T23:10:51Z</time></trkpt><trkpt lat="-31.907903000000033" lon="-64.93215000000042"><ele>2028.986</ele><time>2025-04-19T23:10:56Z</time></trkpt><trkpt lat="-31.907911000000034" lon="-64.93221800000042"><ele>2028.360</ele><time>2025-04-19T23:11:01Z</time></trkpt><trkpt lat="-31.907924000000033" lon="-64.93227300000042"><ele>2028.237</ele><time>2025-04-19T23:11:08Z</time></trkpt><trkpt lat="-31.90796400000003" lon="-64.93230300000042"><ele>2030.048</ele><time>2025-04-19T23:11:18Z</time></trkpt><trkpt lat="-31.90800400000003" lon="-64.93233600000042"><ele>2032.061</ele><time>2025-04-19T23:11:24Z</time></trkpt><trkpt lat="-31.90806400000003" lon="-64.93228900000042"><ele>2035.817</ele><time>2025-04-19T23:11:47Z</time></trkpt><trkpt lat="-31.908121000000033" lon="-64.93230100000042"><ele>2039.009</ele><time>2025-04-19T23:11:56Z</time></trkpt><trkpt lat="-31.908163000000034" lon="-64.93232900000042"><ele>2041.496</ele><time>2025-04-19T23:12:05Z</time></trkpt><trkpt lat="-31.908188000000035" lon="-64.93237700000043"><ele>2042.954</ele><time>2025-04-19T23:12:09Z</time></trkpt><trkpt lat="-31.908235000000033" lon="-64.93242900000043"><ele>2046.073</ele><time>2025-04-19T23:12:17Z</time></trkpt><trkpt lat="-31.908182000000032" lon="-64.93236700000043"><ele>2042.523</ele><time>2025-04-19T23:13:00Z</time></trkpt><trkpt lat="-31.90808700000003" lon="-64.93242400000042"><ele>2036.529</ele><time>2025-04-19T23:13:24Z</time></trkpt><trkpt lat="-31.908054000000032" lon="-64.93246100000043"><ele>2034.111</ele><time>2025-04-19T23:13:33Z</time></trkpt><trkpt lat="-31.908052000000033" lon="-64.93256400000043"><ele>2037.172</ele><time>2025-04-19T23:14:19Z</time></trkpt><trkpt lat="-31.908105000000035" lon="-64.93265400000043"><ele>2045.566</ele><time>2025-04-19T23:14:47Z</time></trkpt><trkpt lat="-31.908053000000034" lon="-64.93265600000042"><ele>2042.013</ele><time>2025-04-19T23:15:10Z</time></trkpt><trkpt lat="-31.907976000000033" lon="-64.93269400000042"><ele>2038.747</ele><time>2025-04-19T23:15:40Z</time></trkpt><trkpt lat="-31.907924000000033" lon="-64.93276700000042"><ele>2038.929</ele><time>2025-04-19T23:16:14Z</time></trkpt><trkpt lat="-31.90787400000003" lon="-64.93272500000043"><ele>2033.321</ele><time>2025-04-19T23:16:26Z</time></trkpt><trkpt lat="-31.90782900000003" lon="-64.93270200000043"><ele>2029.009</ele><time>2025-04-19T23:16:33Z</time></trkpt><trkpt lat="-31.90777200000003" lon="-64.93280900000043"><ele>2030.716</ele><time>2025-04-19T23:16:57Z</time></trkpt><trkpt lat="-31.90774000000003" lon="-64.93284700000044"><ele>2030.484</ele><time>2025-04-19T23:17:07Z</time></trkpt><trkpt lat="-31.90770200000003" lon="-64.93280000000044"><ele>2025.423</ele><time>2025-04-19T23:17:19Z</time></trkpt><trkpt lat="-31.90768200000003" lon="-64.93274700000045"><ele>2021.323</ele><time>2025-04-19T23:17:27Z</time></trkpt><trkpt lat="-31.90760200000003" lon="-64.93273900000045"><ele>2015.319</ele><time>2025-04-19T23:17:54Z</time></trkpt><trkpt lat="-31.90756200000003" lon="-64.93269600000045"><ele>2010.421</ele><time>2025-04-19T23:18:02Z</time></trkpt><trkpt lat="-31.907522000000032" lon="-64.93267100000045"><ele>2006.352</ele><time>2025-04-19T23:18:15Z</time></trkpt><trkpt lat="-31.90751000000003" lon="-64.93272400000045"><ele>2008.236</ele><time>2025-04-19T23:18:21Z</time></trkpt><trkpt lat="-31.90738500000003" lon="-64.93265900000044"><ele>1999.773</ele><time>2025-04-19T23:18:49Z</time></trkpt><trkpt lat="-31.90738700000003" lon="-64.93277200000044"><ele>2004.754</ele><time>2025-04-19T23:19:24Z</time></trkpt><trkpt lat="-31.907224000000028" lon="-64.93276400000045"><ele>1996.756</ele><time>2025-04-19T23:20:10Z</time></trkpt><trkpt lat="-31.90710400000003" lon="-64.93284600000045"><ele>1993.211</ele><time>2025-04-19T23:20:43Z</time></trkpt><trkpt lat="-31.90705900000003" lon="-64.93281900000045"><ele>1990.209</ele><time>2025-04-19T23:20:52Z</time></trkpt><trkpt lat="-31.90699700000003" lon="-64.93282100000044"><ele>1987.137</ele><time>2025-04-19T23:21:40Z</time></trkpt><trkpt lat="-31.90691400000003" lon="-64.93278800000044"><ele>1982.635</ele><time>2025-04-19T23:22:47Z</time></trkpt><trkpt lat="-31.90686900000003" lon="-64.93276800000044"><ele>1980.234</ele><time>2025-04-19T23:22:55Z</time></trkpt><trkpt lat="-31.906826000000027" lon="-64.93274800000043"><ele>1978.124</ele><time>2025-04-19T23:23:02Z</time></trkpt><trkpt lat="-31.906783000000026" lon="-64.93277000000043"><ele>1976.250</ele><time>2025-04-19T23:23:10Z</time></trkpt><trkpt lat="-31.906728000000026" lon="-64.93278700000043"><ele>1973.682</ele><time>2025-04-19T23:23:17Z</time></trkpt><trkpt lat="-31.906683000000026" lon="-64.93280000000043"><ele>1971.433</ele><time>2025-04-19T23:23:25Z</time></trkpt><trkpt lat="-31.906633000000024" lon="-64.93280200000042"><ele>1969.337</ele><time>2025-04-19T23:23:43Z</time></trkpt><trkpt lat="-31.906586000000026" lon="-64.93278900000043"><ele>1967.544</ele><time>2025-04-19T23:23:49Z</time></trkpt><trkpt lat="-31.906561000000025" lon="-64.93283900000043"><ele>1966.275</ele><time>2025-04-19T23:23:59Z</time></trkpt><trkpt lat="-31.906571000000024" lon="-64.93289100000042"><ele>1966.328</ele><time>2025-04-19T23:24:05Z</time></trkpt><trkpt lat="-31.906588000000024" lon="-64.93294300000042"><ele>1966.620</ele><time>2025-04-19T23:24:17Z</time></trkpt><trkpt lat="-31.906605000000024" lon="-64.93299600000041"><ele>1967.009</ele><time>2025-04-19T23:24:36Z</time></trkpt><trkpt lat="-31.906652000000022" lon="-64.93299600000041"><ele>1969.089</ele><time>2025-04-19T23:24:44Z</time></trkpt><trkpt lat="-31.90667500000002" lon="-64.93310100000042"><ele>1969.787</ele><time>2025-04-19T23:25:04Z</time></trkpt><trkpt lat="-31.90669800000002" lon="-64.93314900000043"><ele>1971.226</ele><time>2025-04-19T23:25:10Z</time></trkpt><trkpt lat="-31.90664000000002" lon="-64.93317900000042"><ele>1967.516</ele><time>2025-04-19T23:25:26Z</time></trkpt><trkpt lat="-31.90659500000002" lon="-64.93317100000043"><ele>1965.512</ele><time>2025-04-19T23:25:35Z</time></trkpt><trkpt lat="-31.906600000000022" lon="-64.93329600000042"><ele>1964.984</ele><time>2025-04-19T23:25:59Z</time></trkpt><trkpt lat="-31.906580000000023" lon="-64.93334600000043"><ele>1964.065</ele><time>2025-04-19T23:26:12Z</time></trkpt><trkpt lat="-31.906500000000023" lon="-64.93336300000043"><ele>1960.319</ele><time>2025-04-19T23:27:56Z</time></trkpt><trkpt lat="-31.90654000000002" lon="-64.93350300000043"><ele>1965.176</ele><time>2025-04-19T23:28:29Z</time></trkpt><trkpt lat="-31.90657300000002" lon="-64.93354500000042"><ele>1967.965</ele><time>2025-04-19T23:28:37Z</time></trkpt><trkpt lat="-31.906523000000018" lon="-64.93356500000043"><ele>1965.368</ele><time>2025-04-19T23:28:52Z</time></trkpt><trkpt lat="-31.90647600000002" lon="-64.93354700000043"><ele>1962.214</ele><time>2025-04-19T23:29:02Z</time></trkpt><trkpt lat="-31.90645300000002" lon="-64.93359700000043"><ele>1961.709</ele><time>2025-04-19T23:29:10Z</time></trkpt><trkpt lat="-31.90643300000002" lon="-64.93365000000043"><ele>1961.378</ele><time>2025-04-19T23:29:18Z</time></trkpt><trkpt lat="-31.906400000000023" lon="-64.93360800000043"><ele>1958.626</ele><time>2025-04-19T23:29:30Z</time></trkpt><trkpt lat="-31.906352000000023" lon="-64.93360300000043"><ele>1955.695</ele><time>2025-04-19T23:29:41Z</time></trkpt><trkpt lat="-31.906330000000022" lon="-64.93366600000043"><ele>1955.085</ele><time>2025-04-19T23:30:00Z</time></trkpt><trkpt lat="-31.90632500000002" lon="-64.93371900000042"><ele>1955.211</ele><time>2025-04-19T23:30:08Z</time></trkpt><trkpt lat="-31.90630500000002" lon="-64.93377100000042"><ele>1954.413</ele><time>2025-04-19T23:30:18Z</time></trkpt><trkpt lat="-31.906327000000022" lon="-64.93381800000041"><ele>1956.494</ele><time>2025-04-19T23:30:24Z</time></trkpt><trkpt lat="-31.90635700000002" lon="-64.93386100000042"><ele>1959.018</ele><time>2025-04-19T23:30:33Z</time></trkpt><trkpt lat="-31.90632200000002" lon="-64.93392400000042"><ele>1957.125</ele><time>2025-04-19T23:31:16Z</time></trkpt><trkpt lat="-31.90626500000002" lon="-64.93391200000042"><ele>1952.858</ele><time>2025-04-19T23:31:23Z</time></trkpt><trkpt lat="-31.90622500000002" lon="-64.93388500000042"><ele>1949.652</ele><time>2025-04-19T23:31:28Z</time></trkpt><trkpt lat="-31.90616800000002" lon="-64.93386300000041"><ele>1945.417</ele><time>2025-04-19T23:31:40Z</time></trkpt><trkpt lat="-31.906126000000018" lon="-64.93390100000042"><ele>1942.409</ele><time>2025-04-19T23:31:54Z</time></trkpt><trkpt lat="-31.906128000000017" lon="-64.93395600000042"><ele>1942.757</ele><time>2025-04-19T23:31:58Z</time></trkpt><trkpt lat="-31.906076000000017" lon="-64.93394800000043"><ele>1938.755</ele><time>2025-04-19T23:32:30Z</time></trkpt><trkpt lat="-31.906024000000016" lon="-64.93393100000043"><ele>1934.894</ele><time>2025-04-19T23:32:52Z</time></trkpt><trkpt lat="-31.905986000000016" lon="-64.93390300000043"><ele>1932.194</ele><time>2025-04-19T23:32:57Z</time></trkpt><trkpt lat="-31.905946000000018" lon="-64.93387500000043"><ele>1929.350</ele><time>2025-04-19T23:33:02Z</time></trkpt><trkpt lat="-31.905901000000018" lon="-64.93388000000043"><ele>1926.072</ele><time>2025-04-19T23:33:09Z</time></trkpt><trkpt lat="-31.905859000000017" lon="-64.93390700000043"><ele>1922.723</ele><time>2025-04-19T23:33:16Z</time></trkpt><trkpt lat="-31.905817000000017" lon="-64.93394200000043"><ele>1920.057</ele><time>2025-04-19T23:33:23Z</time></trkpt><trkpt lat="-31.905794000000018" lon="-64.93399500000042"><ele>1918.774</ele><time>2025-04-19T23:33:29Z</time></trkpt><trkpt lat="-31.90578400000002" lon="-64.93404700000042"><ele>1917.861</ele><time>2025-04-19T23:33:36Z</time></trkpt><trkpt lat="-31.905797000000018" lon="-64.93410200000042"><ele>1917.521</ele><time>2025-04-19T23:33:55Z</time></trkpt><trkpt lat="-31.90576000000002" lon="-64.93414200000042"><ele>1915.913</ele><time>2025-04-19T23:34:05Z</time></trkpt><trkpt lat="-31.905783000000017" lon="-64.93418900000042"><ele>1916.409</ele><time>2025-04-19T23:34:20Z</time></trkpt><trkpt lat="-31.905741000000017" lon="-64.93422200000042"><ele>1915.298</ele><time>2025-04-19T23:34:41Z</time></trkpt><trkpt lat="-31.905696000000017" lon="-64.93421400000042"><ele>1913.616</ele><time>2025-04-19T23:34:49Z</time></trkpt><trkpt lat="-31.905673000000018" lon="-64.93426100000042"><ele>1913.025</ele><time>2025-04-19T23:34:58Z</time></trkpt><trkpt lat="-31.905635000000018" lon="-64.93430100000042"><ele>1911.825</ele><time>2025-04-19T23:35:07Z</time></trkpt><trkpt lat="-31.905592000000016" lon="-64.93434400000042"><ele>1910.361</ele><time>2025-04-19T23:35:26Z</time></trkpt><trkpt lat="-31.905537000000017" lon="-64.93438700000043"><ele>1908.483</ele><time>2025-04-19T23:35:42Z</time></trkpt><trkpt lat="-31.905494000000015" lon="-64.93441000000043"><ele>1906.984</ele><time>2025-04-19T23:35:50Z</time></trkpt><trkpt lat="-31.905452000000015" lon="-64.93443200000043"><ele>1905.328</ele><time>2025-04-19T23:36:00Z</time></trkpt><trkpt lat="-31.905387000000015" lon="-64.93447900000042"><ele>1902.995</ele><time>2025-04-19T23:36:20Z</time></trkpt><trkpt lat="-31.905355000000014" lon="-64.93452100000042"><ele>1901.663</ele><time>2025-04-19T23:36:29Z</time></trkpt><trkpt lat="-31.905323000000013" lon="-64.93456100000041"><ele>1900.344</ele><time>2025-04-19T23:36:41Z</time></trkpt><trkpt lat="-31.905283000000015" lon="-64.93458600000041"><ele>1898.718</ele><time>2025-04-19T23:36:53Z</time></trkpt><trkpt lat="-31.905236000000016" lon="-64.93459100000041"><ele>1896.809</ele><time>2025-04-19T23:37:02Z</time></trkpt><trkpt lat="-31.905203000000018" lon="-64.93463400000041"><ele>1895.438</ele><time>2025-04-19T23:37:07Z</time></trkpt><trkpt lat="-31.905158000000018" lon="-64.93467600000041"><ele>1893.446</ele><time>2025-04-19T23:37:21Z</time></trkpt><trkpt lat="-31.90512100000002" lon="-64.93471300000041"><ele>1891.765</ele><time>2025-04-19T23:37:51Z</time></trkpt><trkpt lat="-31.90508100000002" lon="-64.93475300000041"><ele>1889.975</ele><time>2025-04-19T23:38:02Z</time></trkpt><trkpt lat="-31.90503600000002" lon="-64.93477100000041"><ele>1887.991</ele><time>2025-04-19T23:38:11Z</time></trkpt><trkpt lat="-31.904996000000022" lon="-64.93480300000041"><ele>1886.133</ele><time>2025-04-19T23:38:18Z</time></trkpt><trkpt lat="-31.90495300000002" lon="-64.93482800000041"><ele>1884.994</ele><time>2025-04-19T23:38:27Z</time></trkpt><trkpt lat="-31.90490800000002" lon="-64.93484300000041"><ele>1883.748</ele><time>2025-04-19T23:38:36Z</time></trkpt><trkpt lat="-31.90486100000002" lon="-64.93485000000041"><ele>1882.585</ele><time>2025-04-19T23:38:42Z</time></trkpt><trkpt lat="-31.90480900000002" lon="-64.9348680000004"><ele>1881.036</ele><time>2025-04-19T23:38:48Z</time></trkpt><trkpt lat="-31.90475700000002" lon="-64.93487300000041"><ele>1879.717</ele><time>2025-04-19T23:38:56Z</time></trkpt><trkpt lat="-31.90470700000002" lon="-64.93486600000041"><ele>1878.518</ele><time>2025-04-19T23:39:02Z</time></trkpt><trkpt lat="-31.90466000000002" lon="-64.93485300000042"><ele>1877.509</ele><time>2025-04-19T23:39:11Z</time></trkpt><trkpt lat="-31.904613000000023" lon="-64.93487600000041"><ele>1876.015</ele><time>2025-04-19T23:39:27Z</time></trkpt><trkpt lat="-31.904573000000024" lon="-64.93490800000042"><ele>1874.463</ele><time>2025-04-19T23:39:35Z</time></trkpt><trkpt lat="-31.904523000000022" lon="-64.93492300000042"><ele>1872.822</ele><time>2025-04-19T23:39:45Z</time></trkpt><trkpt lat="-31.90451100000002" lon="-64.93497500000042"><ele>1871.412</ele><time>2025-04-19T23:39:50Z</time></trkpt><trkpt lat="-31.90446800000002" lon="-64.93500500000042"><ele>1869.768</ele><time>2025-04-19T23:39:59Z</time></trkpt><trkpt lat="-31.90442300000002" lon="-64.93502300000041"><ele>1868.470</ele><time>2025-04-19T23:40:08Z</time></trkpt><trkpt lat="-31.90437600000002" lon="-64.93503300000042"><ele>1867.061</ele><time>2025-04-19T23:40:17Z</time></trkpt><trkpt lat="-31.90433300000002" lon="-64.93506100000042"><ele>1865.745</ele><time>2025-04-19T23:40:25Z</time></trkpt><trkpt lat="-31.904290000000017" lon="-64.93508400000042"><ele>1864.292</ele><time>2025-04-19T23:40:36Z</time></trkpt><trkpt lat="-31.904245000000017" lon="-64.93508200000042"><ele>1862.727</ele><time>2025-04-19T23:40:46Z</time></trkpt><trkpt lat="-31.904200000000017" lon="-64.93507000000042"><ele>1861.368</ele><time>2025-04-19T23:40:55Z</time></trkpt><trkpt lat="-31.90416700000002" lon="-64.93510700000043"><ele>1859.914</ele><time>2025-04-19T23:41:04Z</time></trkpt><trkpt lat="-31.90410900000002" lon="-64.93514400000043"><ele>1859.209</ele><time>2025-04-19T23:41:20Z</time></trkpt><trkpt lat="-31.90406400000002" lon="-64.93514200000044"><ele>1859.094</ele><time>2025-04-19T23:41:26Z</time></trkpt><trkpt lat="-31.904014000000018" lon="-64.93514400000043"><ele>1858.822</ele><time>2025-04-19T23:41:36Z</time></trkpt><trkpt lat="-31.90396600000002" lon="-64.93512900000043"><ele>1858.991</ele><time>2025-04-19T23:41:44Z</time></trkpt><trkpt lat="-31.90391900000002" lon="-64.93514400000043"><ele>1858.471</ele><time>2025-04-19T23:41:52Z</time></trkpt><trkpt lat="-31.903869000000018" lon="-64.93514200000044"><ele>1858.277</ele><time>2025-04-19T23:42:02Z</time></trkpt><trkpt lat="-31.903834000000018" lon="-64.93517500000044"><ele>1857.469</ele><time>2025-04-19T23:42:08Z</time></trkpt><trkpt lat="-31.903824000000018" lon="-64.93523500000045"><ele>1856.190</ele><time>2025-04-19T23:42:15Z</time></trkpt><trkpt lat="-31.903864000000016" lon="-64.93529200000044"><ele>1855.314</ele><time>2025-04-19T23:42:28Z</time></trkpt><trkpt lat="-31.903877000000016" lon="-64.93534500000044"><ele>1854.461</ele><time>2025-04-19T23:42:38Z</time></trkpt><trkpt lat="-31.903797000000015" lon="-64.93535700000044"><ele>1853.366</ele><time>2025-04-19T23:43:11Z</time></trkpt><trkpt lat="-31.903749000000015" lon="-64.93536400000043"><ele>1852.729</ele><time>2025-04-19T23:43:21Z</time></trkpt><trkpt lat="-31.903711000000015" lon="-64.93540200000044"><ele>1851.421</ele><time>2025-04-19T23:43:27Z</time></trkpt><trkpt lat="-31.903669000000015" lon="-64.93542400000044"><ele>1850.309</ele><time>2025-04-19T23:43:32Z</time></trkpt><trkpt lat="-31.903617000000015" lon="-64.93543900000044"><ele>1849.368</ele><time>2025-04-19T23:43:39Z</time></trkpt><trkpt lat="-31.903565000000015" lon="-64.93542700000044"><ele>1849.066</ele><time>2025-04-19T23:43:46Z</time></trkpt><trkpt lat="-31.903515000000013" lon="-64.93543200000045"><ele>1848.255</ele><time>2025-04-19T23:43:53Z</time></trkpt><trkpt lat="-31.90346500000001" lon="-64.93543000000045"><ele>1847.715</ele><time>2025-04-19T23:44:00Z</time></trkpt><trkpt lat="-31.90343700000001" lon="-64.93547300000046"><ele>1846.091</ele><time>2025-04-19T23:44:07Z</time></trkpt><trkpt lat="-31.90339400000001" lon="-64.93552000000045"><ele>1843.853</ele><time>2025-04-19T23:44:25Z</time></trkpt><trkpt lat="-31.903344000000008" lon="-64.93553300000045"><ele>1842.614</ele><time>2025-04-19T23:44:34Z</time></trkpt><trkpt lat="-31.90329700000001" lon="-64.93552000000045"><ele>1842.628</ele><time>2025-04-19T23:44:43Z</time></trkpt><trkpt lat="-31.903247000000007" lon="-64.93550700000046"><ele>1842.525</ele><time>2025-04-19T23:44:49Z</time></trkpt><trkpt lat="-31.903197000000006" lon="-64.93550700000046"><ele>1842.166</ele><time>2025-04-19T23:45:03Z</time></trkpt><trkpt lat="-31.903150000000007" lon="-64.93549700000045"><ele>1841.929</ele><time>2025-04-19T23:45:10Z</time></trkpt><trkpt lat="-31.903105000000007" lon="-64.93550700000046"><ele>1841.221</ele><time>2025-04-19T23:45:20Z</time></trkpt><trkpt lat="-31.90305800000001" lon="-64.93550900000045"><ele>1840.709</ele><time>2025-04-19T23:45:27Z</time></trkpt><trkpt lat="-31.90301300000001" lon="-64.93550700000046"><ele>1840.318</ele><time>2025-04-19T23:45:34Z</time></trkpt><trkpt lat="-31.90296600000001" lon="-64.93550200000045"><ele>1840.026</ele><time>2025-04-19T23:45:43Z</time></trkpt><trkpt lat="-31.90291900000001" lon="-64.93552500000045"><ele>1838.865</ele><time>2025-04-19T23:45:54Z</time></trkpt><trkpt lat="-31.902882000000012" lon="-64.93555800000046"><ele>1837.415</ele><time>2025-04-19T23:46:04Z</time></trkpt><trkpt lat="-31.902845000000013" lon="-64.93559300000045"><ele>1836.031</ele><time>2025-04-19T23:46:11Z</time></trkpt><trkpt lat="-31.902815000000015" lon="-64.93563300000045"><ele>1834.523</ele><time>2025-04-19T23:46:16Z</time></trkpt><trkpt lat="-31.902783000000014" lon="-64.93568000000045"><ele>1832.834</ele><time>2025-04-19T23:46:27Z</time></trkpt><trkpt lat="-31.902773000000014" lon="-64.93574000000045"><ele>1830.868</ele><time>2025-04-19T23:46:35Z</time></trkpt><trkpt lat="-31.902786000000013" lon="-64.93579500000045"><ele>1829.285</ele><time>2025-04-19T23:46:46Z</time></trkpt><trkpt lat="-31.90283300000001" lon="-64.93580000000046"><ele>1829.484</ele><time>2025-04-19T23:46:53Z</time></trkpt><trkpt lat="-31.902876000000013" lon="-64.93583000000045"><ele>1828.807</ele><time>2025-04-19T23:47:01Z</time></trkpt><trkpt lat="-31.902923000000012" lon="-64.93581000000044"><ele>1829.817</ele><time>2025-04-19T23:47:09Z</time></trkpt><trkpt lat="-31.902973000000014" lon="-64.93581000000044"><ele>1830.209</ele><time>2025-04-19T23:47:17Z</time></trkpt><trkpt lat="-31.903015000000014" lon="-64.93583200000045"><ele>1829.810</ele><time>2025-04-19T23:47:26Z</time></trkpt><trkpt lat="-31.903048000000013" lon="-64.93587900000044"><ele>1829.538</ele><time>2025-04-19T23:47:33Z</time></trkpt><trkpt lat="-31.90309500000001" lon="-64.93597900000044"><ele>1829.297</ele><time>2025-04-19T23:48:04Z</time></trkpt><trkpt lat="-31.90311200000001" lon="-64.93603200000044"><ele>1829.167</ele><time>2025-04-19T23:48:11Z</time></trkpt><trkpt lat="-31.90309700000001" lon="-64.93609200000044"><ele>1828.493</ele><time>2025-04-19T23:48:32Z</time></trkpt><trkpt lat="-31.90307700000001" lon="-64.93614400000044"><ele>1827.715</ele><time>2025-04-19T23:48:59Z</time></trkpt><trkpt lat="-31.903037000000012" lon="-64.93626600000044"><ele>1825.846</ele><time>2025-04-19T23:49:30Z</time></trkpt><trkpt lat="-31.90303900000001" lon="-64.93632300000044"><ele>1825.340</ele><time>2025-04-19T23:49:38Z</time></trkpt><trkpt lat="-31.90300700000001" lon="-64.93636500000044"><ele>1824.067</ele><time>2025-04-19T23:49:49Z</time></trkpt><trkpt lat="-31.902985000000008" lon="-64.93642300000043"><ele>1822.846</ele><time>2025-04-19T23:50:07Z</time></trkpt><trkpt lat="-31.902970000000007" lon="-64.93647800000043"><ele>1821.788</ele><time>2025-04-19T23:50:12Z</time></trkpt><trkpt lat="-31.902980000000007" lon="-64.93653000000043"><ele>1821.416</ele><time>2025-04-19T23:50:20Z</time></trkpt><trkpt lat="-31.903007000000006" lon="-64.93657300000044"><ele>1821.809</ele><time>2025-04-19T23:50:34Z</time></trkpt><trkpt lat="-31.903049000000006" lon="-64.93661100000044"><ele>1822.946</ele><time>2025-04-19T23:50:44Z</time></trkpt><trkpt lat="-31.903094000000007" lon="-64.93660300000045"><ele>1824.694</ele><time>2025-04-19T23:50:53Z</time></trkpt><trkpt lat="-31.903137000000008" lon="-64.93658000000045"><ele>1826.263</ele><time>2025-04-19T23:51:01Z</time></trkpt><trkpt lat="-31.903182000000008" lon="-64.93658300000045"><ele>1827.783</ele><time>2025-04-19T23:51:18Z</time></trkpt><trkpt lat="-31.903184000000007" lon="-64.93663600000045"><ele>1827.679</ele><time>2025-04-19T23:51:29Z</time></trkpt><trkpt lat="-31.903177000000007" lon="-64.93670800000045"><ele>1828.691</ele><time>2025-04-19T23:51:41Z</time></trkpt><trkpt lat="-31.903129000000007" lon="-64.93670100000045"><ele>1826.542</ele><time>2025-04-19T23:51:52Z</time></trkpt><trkpt lat="-31.903102000000008" lon="-64.93675100000046"><ele>1827.146</ele><time>2025-04-19T23:52:05Z</time></trkpt><trkpt lat="-31.903092000000008" lon="-64.93684400000046"><ele>1829.743</ele><time>2025-04-19T23:52:24Z</time></trkpt><trkpt lat="-31.90304400000001" lon="-64.93684700000047"><ele>1827.891</ele><time>2025-04-19T23:52:36Z</time></trkpt><trkpt lat="-31.90301400000001" lon="-64.93689000000047"><ele>1827.981</ele><time>2025-04-19T23:52:46Z</time></trkpt><trkpt lat="-31.90297200000001" lon="-64.93685500000048"><ele>1825.219</ele><time>2025-04-19T23:53:00Z</time></trkpt><trkpt lat="-31.902919000000008" lon="-64.93686200000047"><ele>1823.209</ele><time>2025-04-19T23:53:15Z</time></trkpt><trkpt lat="-31.902877000000007" lon="-64.93683900000048"><ele>1820.931</ele><time>2025-04-19T23:53:23Z</time></trkpt><trkpt lat="-31.902835000000007" lon="-64.93685900000048"><ele>1819.769</ele><time>2025-04-19T23:53:35Z</time></trkpt><trkpt lat="-31.902815000000007" lon="-64.93690700000049"><ele>1820.258</ele><time>2025-04-19T23:53:43Z</time></trkpt><trkpt lat="-31.90276800000001" lon="-64.9369100000005"><ele>1818.478</ele><time>2025-04-19T23:54:01Z</time></trkpt><trkpt lat="-31.90272100000001" lon="-64.9369080000005"><ele>1816.454</ele><time>2025-04-19T23:54:21Z</time></trkpt><trkpt lat="-31.90267900000001" lon="-64.9368830000005"><ele>1814.066</ele><time>2025-04-19T23:54:31Z</time></trkpt><trkpt lat="-31.90263400000001" lon="-64.9368960000005"><ele>1812.597</ele><time>2025-04-19T23:54:38Z</time></trkpt><trkpt lat="-31.902591000000008" lon="-64.9368610000005"><ele>1809.991</ele><time>2025-04-19T23:54:47Z</time></trkpt><trkpt lat="-31.90255800000001" lon="-64.93690400000051"><ele>1809.548</ele><time>2025-04-19T23:54:58Z</time></trkpt><trkpt lat="-31.90255100000001" lon="-64.93695900000051"><ele>1810.572</ele><time>2025-04-19T23:55:04Z</time></trkpt><trkpt lat="-31.90255100000001" lon="-64.93701400000052"><ele>1811.713</ele><time>2025-04-19T23:55:13Z</time></trkpt><trkpt lat="-31.902553000000008" lon="-64.93707600000052"><ele>1813.214</ele><time>2025-04-19T23:55:28Z</time></trkpt><trkpt lat="-31.90258800000001" lon="-64.93711300000052"><ele>1815.609</ele><time>2025-04-19T23:55:36Z</time></trkpt><trkpt lat="-31.902591000000008" lon="-64.93718100000052"><ele>1817.359</ele><time>2025-04-19T23:56:00Z</time></trkpt><trkpt lat="-31.902563000000008" lon="-64.93722300000051"><ele>1817.017</ele><time>2025-04-19T23:56:04Z</time></trkpt><trkpt lat="-31.90257500000001" lon="-64.93728000000051"><ele>1818.886</ele><time>2025-04-19T23:56:14Z</time></trkpt><trkpt lat="-31.90261000000001" lon="-64.93735700000052"><ele>1822.376</ele><time>2025-04-19T23:59:14Z</time></trkpt><trkpt lat="-31.90255000000001" lon="-64.93736900000052"><ele>1819.662</ele><time>2025-04-20T00:00:08Z</time></trkpt><trkpt lat="-31.90249800000001" lon="-64.93739600000052"><ele>1817.784</ele><time>2025-04-20T00:00:26Z</time></trkpt><trkpt lat="-31.902411000000008" lon="-64.93737600000051"><ele>1814.165</ele><time>2025-04-20T00:01:15Z</time></trkpt><trkpt lat="-31.90237800000001" lon="-64.93741600000051"><ele>1813.649</ele><time>2025-04-20T00:01:44Z</time></trkpt><trkpt lat="-31.902318000000008" lon="-64.93745100000051"><ele>1811.946</ele><time>2025-04-20T00:03:17Z</time></trkpt><trkpt lat="-31.902273000000008" lon="-64.9374530000005"><ele>1810.198</ele><time>2025-04-20T00:03:25Z</time></trkpt><trkpt lat="-31.90222500000001" lon="-64.9374530000005"><ele>1808.215</ele><time>2025-04-20T00:03:33Z</time></trkpt><trkpt lat="-31.90217700000001" lon="-64.9374700000005"><ele>1806.526</ele><time>2025-04-20T00:03:39Z</time></trkpt><trkpt lat="-31.90215700000001" lon="-64.93751800000051"><ele>1806.609</ele><time>2025-04-20T00:03:45Z</time></trkpt><trkpt lat="-31.90210500000001" lon="-64.93759100000051"><ele>1806.891</ele><time>2025-04-20T00:04:02Z</time></trkpt><trkpt lat="-31.902083000000008" lon="-64.9376380000005"><ele>1807.539</ele><time>2025-04-20T00:04:07Z</time></trkpt><trkpt lat="-31.902068000000007" lon="-64.9376880000005"><ele>1808.578</ele><time>2025-04-20T00:04:17Z</time></trkpt><trkpt lat="-31.901995000000007" lon="-64.9377160000005"><ele>1806.388</ele><time>2025-04-20T00:04:39Z</time></trkpt><trkpt lat="-31.901973000000005" lon="-64.9377680000005"><ele>1807.184</ele><time>2025-04-20T00:04:47Z</time></trkpt><trkpt lat="-31.901930000000004" lon="-64.9377950000005"><ele>1806.226</ele><time>2025-04-20T00:04:53Z</time></trkpt><trkpt lat="-31.901895000000003" lon="-64.93782800000051"><ele>1805.897</ele><time>2025-04-20T00:05:02Z</time></trkpt><trkpt lat="-31.901858000000004" lon="-64.9378700000005"><ele>1805.621</ele><time>2025-04-20T00:05:09Z</time></trkpt><trkpt lat="-31.901811000000006" lon="-64.9378780000005"><ele>1803.888</ele><time>2025-04-20T00:05:19Z</time></trkpt><trkpt lat="-31.901766000000006" lon="-64.9378930000005"><ele>1802.411</ele><time>2025-04-20T00:05:27Z</time></trkpt><trkpt lat="-31.901716000000004" lon="-64.9379180000005"><ele>1801.121</ele><time>2025-04-20T00:05:42Z</time></trkpt><trkpt lat="-31.901679000000005" lon="-64.93795800000049"><ele>1800.803</ele><time>2025-04-20T00:05:48Z</time></trkpt><trkpt lat="-31.901642000000006" lon="-64.9379960000005"><ele>1800.809</ele><time>2025-04-20T00:05:54Z</time></trkpt><trkpt lat="-31.901614000000006" lon="-64.93804900000049"><ele>1801.653</ele><time>2025-04-20T00:06:01Z</time></trkpt><trkpt lat="-31.901576000000006" lon="-64.93809400000049"><ele>1801.851</ele><time>2025-04-20T00:06:07Z</time></trkpt><trkpt lat="-31.901536000000007" lon="-64.93811900000048"><ele>1801.330</ele><time>2025-04-20T00:06:14Z</time></trkpt><trkpt lat="-31.901519000000008" lon="-64.93816900000049"><ele>1802.380</ele><time>2025-04-20T00:06:22Z</time></trkpt><trkpt lat="-31.901476000000006" lon="-64.93819700000049"><ele>1801.796</ele><time>2025-04-20T00:06:32Z</time></trkpt><trkpt lat="-31.901424000000006" lon="-64.93828400000048"><ele>1802.548</ele><time>2025-04-20T00:06:47Z</time></trkpt><trkpt lat="-31.901401000000007" lon="-64.93833900000048"><ele>1803.269</ele><time>2025-04-20T00:06:56Z</time></trkpt><trkpt lat="-31.901394000000007" lon="-64.93839400000049"><ele>1803.893</ele><time>2025-04-20T00:07:04Z</time></trkpt><trkpt lat="-31.90139900000001" lon="-64.93844900000049"><ele>1804.910</ele><time>2025-04-20T00:07:13Z</time></trkpt><trkpt lat="-31.90137600000001" lon="-64.93850400000049"><ele>1804.962</ele><time>2025-04-20T00:07:25Z</time></trkpt><trkpt lat="-31.90136100000001" lon="-64.93855600000049"><ele>1805.183</ele><time>2025-04-20T00:07:36Z</time></trkpt><trkpt lat="-31.90135400000001" lon="-64.9386160000005"><ele>1805.711</ele><time>2025-04-20T00:07:44Z</time></trkpt><trkpt lat="-31.901377000000007" lon="-64.9386660000005"><ele>1807.509</ele><time>2025-04-20T00:07:51Z</time></trkpt><trkpt lat="-31.901405000000008" lon="-64.9387090000005"><ele>1809.478</ele><time>2025-04-20T00:07:58Z</time></trkpt><trkpt lat="-31.90139200000001" lon="-64.9388210000005"><ele>1810.676</ele><time>2025-04-20T00:08:27Z</time></trkpt><trkpt lat="-31.901394000000007" lon="-64.9389540000005"><ele>1812.965</ele><time>2025-04-20T00:09:04Z</time></trkpt><trkpt lat="-31.901382000000005" lon="-64.93901400000051"><ele>1813.225</ele><time>2025-04-20T00:09:09Z</time></trkpt><trkpt lat="-31.901374000000004" lon="-64.93906900000052"><ele>1813.691</ele><time>2025-04-20T00:09:17Z</time></trkpt><trkpt lat="-31.901379000000006" lon="-64.93912200000051"><ele>1814.783</ele><time>2025-04-20T00:09:27Z</time></trkpt><trkpt lat="-31.901359000000006" lon="-64.9391740000005"><ele>1814.324</ele><time>2025-04-20T00:09:39Z</time></trkpt><trkpt lat="-31.901352000000006" lon="-64.9392310000005"><ele>1813.998</ele><time>2025-04-20T00:09:47Z</time></trkpt><trkpt lat="-31.901345000000006" lon="-64.9392880000005"><ele>1813.555</ele><time>2025-04-20T00:09:59Z</time></trkpt><trkpt lat="-31.901350000000008" lon="-64.9393480000005"><ele>1813.832</ele><time>2025-04-20T00:10:08Z</time></trkpt><trkpt lat="-31.901350000000008" lon="-64.93940300000051"><ele>1813.892</ele><time>2025-04-20T00:10:16Z</time></trkpt><trkpt lat="-31.90135800000001" lon="-64.93947600000051"><ele>1814.311</ele><time>2025-04-20T00:10:31Z</time></trkpt><trkpt lat="-31.901388000000008" lon="-64.9395230000005"><ele>1816.009</ele><time>2025-04-20T00:10:39Z</time></trkpt><trkpt lat="-31.90138600000001" lon="-64.9395860000005"><ele>1815.845</ele><time>2025-04-20T00:10:52Z</time></trkpt><trkpt lat="-31.90136600000001" lon="-64.9396390000005"><ele>1814.783</ele><time>2025-04-20T00:10:59Z</time></trkpt><trkpt lat="-31.90134900000001" lon="-64.93969200000049"><ele>1813.842</ele><time>2025-04-20T00:11:06Z</time></trkpt><trkpt lat="-31.90129900000001" lon="-64.93979500000049"><ele>1811.172</ele><time>2025-04-20T00:11:55Z</time></trkpt><trkpt lat="-31.90128900000001" lon="-64.93984800000048"><ele>1810.568</ele><time>2025-04-20T00:12:03Z</time></trkpt><trkpt lat="-31.90128700000001" lon="-64.93990100000048"><ele>1810.550</ele><time>2025-04-20T00:12:11Z</time></trkpt><trkpt lat="-31.90126200000001" lon="-64.93994900000048"><ele>1809.181</ele><time>2025-04-20T00:12:19Z</time></trkpt><trkpt lat="-31.90124400000001" lon="-64.94000600000048"><ele>1808.165</ele><time>2025-04-20T00:12:30Z</time></trkpt><trkpt lat="-31.90122600000001" lon="-64.94005900000047"><ele>1806.762</ele><time>2025-04-20T00:12:37Z</time></trkpt><trkpt lat="-31.90120600000001" lon="-64.94010900000048"><ele>1805.286</ele><time>2025-04-20T00:12:48Z</time></trkpt><trkpt lat="-31.901201000000007" lon="-64.94016200000047"><ele>1804.560</ele><time>2025-04-20T00:12:56Z</time></trkpt><trkpt lat="-31.90118800000001" lon="-64.94021500000046"><ele>1803.426</ele><time>2025-04-20T00:13:01Z</time></trkpt><trkpt lat="-31.901173000000007" lon="-64.94027000000047"><ele>1802.209</ele><time>2025-04-20T00:13:08Z</time></trkpt><trkpt lat="-31.901161000000005" lon="-64.94032800000046"><ele>1801.120</ele><time>2025-04-20T00:13:17Z</time></trkpt><trkpt lat="-31.901151000000006" lon="-64.94038600000046"><ele>1800.278</ele><time>2025-04-20T00:13:26Z</time></trkpt><trkpt lat="-31.901134000000006" lon="-64.94043600000046"><ele>1799.057</ele><time>2025-04-20T00:13:33Z</time></trkpt><trkpt lat="-31.901111000000007" lon="-64.94048400000047"><ele>1797.597</ele><time>2025-04-20T00:13:43Z</time></trkpt><trkpt lat="-31.901111000000007" lon="-64.94054400000047"><ele>1797.163</ele><time>2025-04-20T00:13:51Z</time></trkpt><trkpt lat="-31.90110900000001" lon="-64.94059900000047"><ele>1796.625</ele><time>2025-04-20T00:13:58Z</time></trkpt><trkpt lat="-31.901091000000008" lon="-64.94065600000047"><ele>1795.496</ele><time>2025-04-20T00:14:07Z</time></trkpt><trkpt lat="-31.901069000000007" lon="-64.94070600000047"><ele>1794.070</ele><time>2025-04-20T00:14:14Z</time></trkpt><trkpt lat="-31.901066000000007" lon="-64.94076400000047"><ele>1793.517</ele><time>2025-04-20T00:14:22Z</time></trkpt><trkpt lat="-31.901048000000007" lon="-64.94081600000047"><ele>1792.455</ele><time>2025-04-20T00:14:28Z</time></trkpt><trkpt lat="-31.901035000000007" lon="-64.94086900000046"><ele>1791.107</ele><time>2025-04-20T00:14:36Z</time></trkpt><trkpt lat="-31.901003000000006" lon="-64.94092200000046"><ele>1788.817</ele><time>2025-04-20T00:14:52Z</time></trkpt><trkpt lat="-31.900978000000006" lon="-64.94097200000046"><ele>1786.809</ele><time>2025-04-20T00:15:00Z</time></trkpt><trkpt lat="-31.900946000000005" lon="-64.94101400000045"><ele>1784.787</ele><time>2025-04-20T00:15:05Z</time></trkpt><trkpt lat="-31.900901000000005" lon="-64.94104100000045"><ele>1782.455</ele><time>2025-04-20T00:15:15Z</time></trkpt><trkpt lat="-31.900873000000004" lon="-64.94108400000046"><ele>1780.474</ele><time>2025-04-20T00:15:21Z</time></trkpt><trkpt lat="-31.900841000000003" lon="-64.94113600000045"><ele>1778.254</ele><time>2025-04-20T00:15:28Z</time></trkpt><trkpt lat="-31.900829" lon="-64.94118800000045"><ele>1776.950</ele><time>2025-04-20T00:15:36Z</time></trkpt><trkpt lat="-31.900804" lon="-64.94123500000045"><ele>1775.152</ele><time>2025-04-20T00:15:44Z</time></trkpt><trkpt lat="-31.900809000000002" lon="-64.94129700000045"><ele>1774.323</ele><time>2025-04-20T00:16:05Z</time></trkpt><trkpt lat="-31.900799000000003" lon="-64.94135200000045"><ele>1773.067</ele><time>2025-04-20T00:16:20Z</time></trkpt><trkpt lat="-31.900819000000002" lon="-64.94140200000045"><ele>1772.984</ele><time>2025-04-20T00:16:30Z</time></trkpt><trkpt lat="-31.900847000000002" lon="-64.94144700000045"><ele>1773.259</ele><time>2025-04-20T00:16:40Z</time></trkpt><trkpt lat="-31.900864000000002" lon="-64.94150000000045"><ele>1773.003</ele><time>2025-04-20T00:16:48Z</time></trkpt><trkpt lat="-31.900884" lon="-64.94154800000045"><ele>1773.023</ele><time>2025-04-20T00:16:58Z</time></trkpt><trkpt lat="-31.900857000000002" lon="-64.94162100000045"><ele>1770.709</ele><time>2025-04-20T00:17:22Z</time></trkpt><trkpt lat="-31.900819000000002" lon="-64.94166800000045"><ele>1768.567</ele><time>2025-04-20T00:17:32Z</time></trkpt><trkpt lat="-31.900797" lon="-64.94171800000045"><ele>1766.625</ele><time>2025-04-20T00:17:41Z</time></trkpt><trkpt lat="-31.900777" lon="-64.94176600000046"><ele>1764.824</ele><time>2025-04-20T00:17:49Z</time></trkpt><trkpt lat="-31.900785000000003" lon="-64.94182100000046"><ele>1763.874</ele><time>2025-04-20T00:18:03Z</time></trkpt><trkpt lat="-31.900805000000002" lon="-64.94187800000046"><ele>1763.280</ele><time>2025-04-20T00:18:24Z</time></trkpt><trkpt lat="-31.900823000000003" lon="-64.94193000000045"><ele>1762.632</ele><time>2025-04-20T00:18:36Z</time></trkpt><trkpt lat="-31.900805000000002" lon="-64.94198000000046"><ele>1760.923</ele><time>2025-04-20T00:18:42Z</time></trkpt><trkpt lat="-31.900822" lon="-64.94203000000046"><ele>1760.347</ele><time>2025-04-20T00:18:52Z</time></trkpt><trkpt lat="-31.900839" lon="-64.94208500000046"><ele>1759.724</ele><time>2025-04-20T00:18:59Z</time></trkpt><trkpt lat="-31.900866" lon="-64.94213700000046"><ele>1759.645</ele><time>2025-04-20T00:19:08Z</time></trkpt><trkpt lat="-31.900896" lon="-64.94218700000046"><ele>1759.747</ele><time>2025-04-20T00:19:16Z</time></trkpt><trkpt lat="-31.900909" lon="-64.94224000000045"><ele>1759.011</ele><time>2025-04-20T00:19:26Z</time></trkpt><trkpt lat="-31.900907" lon="-64.94229500000046"><ele>1757.709</ele><time>2025-04-20T00:19:33Z</time></trkpt><trkpt lat="-31.900905" lon="-64.94235200000045"><ele>1756.346</ele><time>2025-04-20T00:19:40Z</time></trkpt><trkpt lat="-31.900903000000003" lon="-64.94240500000045"><ele>1755.144</ele><time>2025-04-20T00:19:47Z</time></trkpt><trkpt lat="-31.900943" lon="-64.94253700000044"><ele>1753.833</ele><time>2025-04-20T00:20:17Z</time></trkpt><trkpt lat="-31.900961000000002" lon="-64.94259200000045"><ele>1753.393</ele><time>2025-04-20T00:20:28Z</time></trkpt><trkpt lat="-31.900984" lon="-64.94264000000045"><ele>1753.289</ele><time>2025-04-20T00:20:40Z</time></trkpt><trkpt lat="-31.901016000000002" lon="-64.94269200000045"><ele>1753.461</ele><time>2025-04-20T00:20:55Z</time></trkpt><trkpt lat="-31.901039" lon="-64.94274200000045"><ele>1753.392</ele><time>2025-04-20T00:21:07Z</time></trkpt><trkpt lat="-31.901056" lon="-64.94281700000045"><ele>1752.376</ele><time>2025-04-20T00:21:29Z</time></trkpt><trkpt lat="-31.901026" lon="-64.94286000000045"><ele>1750.153</ele><time>2025-04-20T00:21:45Z</time></trkpt><trkpt lat="-31.900994" lon="-64.94290200000044"><ele>1747.952</ele><time>2025-04-20T00:21:52Z</time></trkpt><trkpt lat="-31.900979" lon="-64.94295500000044"><ele>1746.153</ele><time>2025-04-20T00:22:01Z</time></trkpt><trkpt lat="-31.900962" lon="-64.94300700000043"><ele>1744.308</ele><time>2025-04-20T00:22:11Z</time></trkpt><trkpt lat="-31.900947" lon="-64.94305700000044"><ele>1742.609</ele><time>2025-04-20T00:22:20Z</time></trkpt><trkpt lat="-31.900924" lon="-64.94310400000043"><ele>1740.647</ele><time>2025-04-20T00:22:29Z</time></trkpt><trkpt lat="-31.900947" lon="-64.94316700000043"><ele>1740.125</ele><time>2025-04-20T00:22:53Z</time></trkpt><trkpt lat="-31.900959" lon="-64.94322000000042"><ele>1739.564</ele><time>2025-04-20T00:23:04Z</time></trkpt><trkpt lat="-31.900994" lon="-64.94325800000043"><ele>1740.044</ele><time>2025-04-20T00:23:11Z</time></trkpt><trkpt lat="-31.901009000000002" lon="-64.94331100000042"><ele>1739.510</ele><time>2025-04-20T00:23:20Z</time></trkpt><trkpt lat="-31.901006000000002" lon="-64.94341600000043"><ele>1736.232</ele><time>2025-04-20T00:23:51Z</time></trkpt><trkpt lat="-31.900983000000004" lon="-64.94348800000043"><ele>1732.973</ele><time>2025-04-20T00:24:08Z</time></trkpt><trkpt lat="-31.900973000000004" lon="-64.94356600000043"><ele>1729.967</ele><time>2025-04-20T00:24:30Z</time></trkpt><trkpt lat="-31.900941000000003" lon="-64.94362600000044"><ele>1726.614</ele><time>2025-04-20T00:24:45Z</time></trkpt><trkpt lat="-31.900926000000002" lon="-64.94368400000043"><ele>1724.067</ele><time>2025-04-20T00:24:58Z</time></trkpt><trkpt lat="-31.900911" lon="-64.94373600000043"><ele>1721.681</ele><time>2025-04-20T00:25:05Z</time></trkpt><trkpt lat="-31.900903" lon="-64.94379300000043"><ele>1719.319</ele><time>2025-04-20T00:25:14Z</time></trkpt><trkpt lat="-31.900897999999998" lon="-64.94384600000042"><ele>1717.209</ele><time>2025-04-20T00:25:25Z</time></trkpt><trkpt lat="-31.900889999999997" lon="-64.94390100000042"><ele>1715.048</ele><time>2025-04-20T00:25:31Z</time></trkpt><trkpt lat="-31.900866999999998" lon="-64.94396900000042"><ele>1711.626</ele><time>2025-04-20T00:25:54Z</time></trkpt><trkpt lat="-31.900858999999997" lon="-64.94406900000043"><ele>1707.735</ele><time>2025-04-20T00:26:15Z</time></trkpt><trkpt lat="-31.900843999999996" lon="-64.94411900000043"><ele>1705.265</ele><time>2025-04-20T00:26:23Z</time></trkpt><trkpt lat="-31.900838999999994" lon="-64.94417200000042"><ele>1703.171</ele><time>2025-04-20T00:26:35Z</time></trkpt><trkpt lat="-31.900845999999994" lon="-64.94422700000042"><ele>1701.963</ele><time>2025-04-20T00:26:45Z</time></trkpt><trkpt lat="-31.900823999999993" lon="-64.94431200000042"><ele>1698.564</ele><time>2025-04-20T00:27:12Z</time></trkpt><trkpt lat="-31.900803999999994" lon="-64.94436200000042"><ele>1696.798</ele><time>2025-04-20T00:27:22Z</time></trkpt><trkpt lat="-31.900785999999993" lon="-64.94441900000042"><ele>1694.765</ele><time>2025-04-20T00:27:31Z</time></trkpt><trkpt lat="-31.900772999999994" lon="-64.94447200000042"><ele>1692.917</ele><time>2025-04-20T00:27:38Z</time></trkpt><trkpt lat="-31.900762999999994" lon="-64.94452700000042"><ele>1691.187</ele><time>2025-04-20T00:27:45Z</time></trkpt><trkpt lat="-31.900752999999995" lon="-64.94457900000042"><ele>1689.415</ele><time>2025-04-20T00:27:52Z</time></trkpt><trkpt lat="-31.900740999999993" lon="-64.94463100000041"><ele>1687.709</ele><time>2025-04-20T00:28:01Z</time></trkpt><trkpt lat="-31.900737999999993" lon="-64.94468400000041"><ele>1686.193</ele><time>2025-04-20T00:28:11Z</time></trkpt><trkpt lat="-31.900727999999994" lon="-64.9447410000004"><ele>1684.361</ele><time>2025-04-20T00:28:23Z</time></trkpt><trkpt lat="-31.900709999999993" lon="-64.94479100000041"><ele>1682.610</ele><time>2025-04-20T00:28:34Z</time></trkpt><trkpt lat="-31.900682999999994" lon="-64.94484100000041"><ele>1680.870</ele><time>2025-04-20T00:28:41Z</time></trkpt><trkpt lat="-31.900710999999994" lon="-64.94489600000041"><ele>1679.646</ele><time>2025-04-20T00:29:01Z</time></trkpt><trkpt lat="-31.900737999999993" lon="-64.94494800000041"><ele>1678.458</ele><time>2025-04-20T00:29:14Z</time></trkpt><trkpt lat="-31.900827999999994" lon="-64.9449160000004"><ele>1680.559</ele><time>2025-04-20T00:29:42Z</time></trkpt><trkpt lat="-31.900884999999995" lon="-64.9448990000004"><ele>1683.533</ele><time>2025-04-20T00:29:58Z</time></trkpt><trkpt lat="-31.900912999999996" lon="-64.94494200000041"><ele>1683.670</ele><time>2025-04-20T00:30:08Z</time></trkpt><trkpt lat="-31.900892999999996" lon="-64.94503200000041"><ele>1680.019</ele><time>2025-04-20T00:30:35Z</time></trkpt><trkpt lat="-31.900864999999996" lon="-64.9451070000004"><ele>1676.509</ele><time>2025-04-20T00:30:52Z</time></trkpt><trkpt lat="-31.900861999999996" lon="-64.9451600000004"><ele>1674.919</ele><time>2025-04-20T00:31:01Z</time></trkpt><trkpt lat="-31.900829999999996" lon="-64.9452000000004"><ele>1672.409</ele><time>2025-04-20T00:31:13Z</time></trkpt><trkpt lat="-31.900826999999996" lon="-64.9452550000004"><ele>1670.943</ele><time>2025-04-20T00:31:23Z</time></trkpt><trkpt lat="-31.900813999999997" lon="-64.9453100000004"><ele>1669.231</ele><time>2025-04-20T00:31:36Z</time></trkpt><trkpt lat="-31.900781999999996" lon="-64.9453720000004"><ele>1667.180</ele><time>2025-04-20T00:31:52Z</time></trkpt><trkpt lat="-31.900763999999995" lon="-64.94545500000041"><ele>1664.680</ele><time>2025-04-20T00:32:09Z</time></trkpt><trkpt lat="-31.900745999999994" lon="-64.94550500000041"><ele>1663.016</ele><time>2025-04-20T00:32:16Z</time></trkpt><trkpt lat="-31.900728999999995" lon="-64.94555500000041"><ele>1661.488</ele><time>2025-04-20T00:32:25Z</time></trkpt><trkpt lat="-31.900728999999995" lon="-64.9456080000004"><ele>1660.079</ele><time>2025-04-20T00:32:31Z</time></trkpt><trkpt lat="-31.900691999999996" lon="-64.9456410000004"><ele>1658.613</ele><time>2025-04-20T00:32:41Z</time></trkpt><trkpt lat="-31.900676999999995" lon="-64.94569600000041"><ele>1656.960</ele><time>2025-04-20T00:32:50Z</time></trkpt><trkpt lat="-31.900653999999996" lon="-64.9457430000004"><ele>1655.389</ele><time>2025-04-20T00:32:58Z</time></trkpt><trkpt lat="-31.900623999999997" lon="-64.9457850000004"><ele>1653.806</ele><time>2025-04-20T00:33:04Z</time></trkpt><trkpt lat="-31.900600999999998" lon="-64.9458370000004"><ele>1652.126</ele><time>2025-04-20T00:33:10Z</time></trkpt><trkpt lat="-31.900588999999997" lon="-64.94589000000039"><ele>1650.309</ele><time>2025-04-20T00:33:16Z</time></trkpt><trkpt lat="-31.900565999999998" lon="-64.94594200000039"><ele>1648.470</ele><time>2025-04-20T00:33:24Z</time></trkpt><trkpt lat="-31.900550999999997" lon="-64.94599500000038"><ele>1646.658</ele><time>2025-04-20T00:33:32Z</time></trkpt><trkpt lat="-31.900523999999997" lon="-64.94604300000039"><ele>1644.927</ele><time>2025-04-20T00:33:39Z</time></trkpt><trkpt lat="-31.900480999999996" lon="-64.94607500000039"><ele>1643.597</ele><time>2025-04-20T00:33:46Z</time></trkpt><trkpt lat="-31.900445999999995" lon="-64.94612200000039"><ele>1641.853</ele><time>2025-04-20T00:33:54Z</time></trkpt><trkpt lat="-31.900435999999996" lon="-64.94618400000039"><ele>1639.935</ele><time>2025-04-20T00:34:03Z</time></trkpt><trkpt lat="-31.900422999999996" lon="-64.94623700000038"><ele>1638.216</ele><time>2025-04-20T00:34:10Z</time></trkpt><trkpt lat="-31.900409999999997" lon="-64.94629500000038"><ele>1636.470</ele><time>2025-04-20T00:34:18Z</time></trkpt><trkpt lat="-31.900381999999997" lon="-64.94634000000038"><ele>1634.947</ele><time>2025-04-20T00:34:27Z</time></trkpt><trkpt lat="-31.900339999999996" lon="-64.94642300000038"><ele>1632.222</ele><time>2025-04-20T00:34:49Z</time></trkpt><trkpt lat="-31.900312999999997" lon="-64.94647100000039"><ele>1630.762</ele><time>2025-04-20T00:34:58Z</time></trkpt><trkpt lat="-31.900290999999996" lon="-64.94652600000039"><ele>1629.008</ele><time>2025-04-20T00:35:06Z</time></trkpt><trkpt lat="-31.900250999999997" lon="-64.94655900000039"><ele>1627.909</ele><time>2025-04-20T00:35:15Z</time></trkpt><trkpt lat="-31.900218999999996" lon="-64.94660100000038"><ele>1626.654</ele><time>2025-04-20T00:35:22Z</time></trkpt><trkpt lat="-31.900181999999997" lon="-64.94663800000039"><ele>1625.492</ele><time>2025-04-20T00:35:31Z</time></trkpt><trkpt lat="-31.900149" lon="-64.94668300000039"><ele>1624.121</ele><time>2025-04-20T00:35:38Z</time></trkpt><trkpt lat="-31.900109" lon="-64.9467150000004"><ele>1623.291</ele><time>2025-04-20T00:35:46Z</time></trkpt><trkpt lat="-31.900069000000002" lon="-64.9467520000004"><ele>1622.267</ele><time>2025-04-20T00:35:57Z</time></trkpt><trkpt lat="-31.900041" lon="-64.9467940000004"><ele>1621.019</ele><time>2025-04-20T00:36:06Z</time></trkpt><trkpt lat="-31.900019" lon="-64.9468440000004"><ele>1619.680</ele><time>2025-04-20T00:36:16Z</time></trkpt><trkpt lat="-31.899997" lon="-64.94689700000039"><ele>1618.334</ele><time>2025-04-20T00:36:27Z</time></trkpt><trkpt lat="-31.899974999999998" lon="-64.94694400000039"><ele>1617.571</ele><time>2025-04-20T00:36:39Z</time></trkpt><trkpt lat="-31.899935" lon="-64.94691900000039"><ele>1618.993</ele><time>2025-04-20T00:36:49Z</time></trkpt><trkpt lat="-31.899888" lon="-64.9469120000004"><ele>1619.965</ele><time>2025-04-20T00:36:58Z</time></trkpt><trkpt lat="-31.899818" lon="-64.9468790000004"><ele>1622.021</ele><time>2025-04-20T00:37:32Z</time></trkpt><trkpt lat="-31.899795" lon="-64.94693100000039"><ele>1621.209</ele><time>2025-04-20T00:37:38Z</time></trkpt><trkpt lat="-31.89978" lon="-64.9470190000004"><ele>1619.431</ele><time>2025-04-20T00:38:04Z</time></trkpt><trkpt lat="-31.899778" lon="-64.94707200000039"><ele>1618.219</ele><time>2025-04-20T00:38:13Z</time></trkpt><trkpt lat="-31.89975" lon="-64.94712200000039"><ele>1617.568</ele><time>2025-04-20T00:38:22Z</time></trkpt><trkpt lat="-31.899728" lon="-64.94717200000039"><ele>1616.878</ele><time>2025-04-20T00:38:32Z</time></trkpt><trkpt lat="-31.899711" lon="-64.9472220000004"><ele>1616.084</ele><time>2025-04-20T00:38:40Z</time></trkpt><trkpt lat="-31.899694" lon="-64.94727500000039"><ele>1615.226</ele><time>2025-04-20T00:38:52Z</time></trkpt><trkpt lat="-31.899652" lon="-64.94729700000039"><ele>1615.527</ele><time>2025-04-20T00:39:01Z</time></trkpt><trkpt lat="-31.899627" lon="-64.94734900000039"><ele>1614.941</ele><time>2025-04-20T00:39:10Z</time></trkpt><trkpt lat="-31.899583999999997" lon="-64.94737100000039"><ele>1615.348</ele><time>2025-04-20T00:39:18Z</time></trkpt><trkpt lat="-31.899540999999996" lon="-64.94741100000039"><ele>1615.413</ele><time>2025-04-20T00:40:36Z</time></trkpt><trkpt lat="-31.899503999999997" lon="-64.94744900000039"><ele>1615.443</ele><time>2025-04-20T00:40:44Z</time></trkpt><trkpt lat="-31.899464" lon="-64.9474810000004"><ele>1615.607</ele><time>2025-04-20T00:40:53Z</time></trkpt><trkpt lat="-31.899427" lon="-64.9475180000004"><ele>1615.609</ele><time>2025-04-20T00:41:01Z</time></trkpt><trkpt lat="-31.899447" lon="-64.9475710000004"><ele>1613.983</ele><time>2025-04-20T00:41:20Z</time></trkpt><trkpt lat="-31.899482" lon="-64.9476080000004"><ele>1612.361</ele><time>2025-04-20T00:41:27Z</time></trkpt><trkpt lat="-31.899537" lon="-64.9476180000004"><ele>1610.820</ele><time>2025-04-20T00:41:33Z</time></trkpt><trkpt lat="-31.899589" lon="-64.9476260000004"><ele>1609.590</ele><time>2025-04-20T00:41:38Z</time></trkpt><trkpt lat="-31.899628999999997" lon="-64.94765100000039"><ele>1608.186</ele><time>2025-04-20T00:41:47Z</time></trkpt><trkpt lat="-31.899675999999996" lon="-64.94767300000039"><ele>1606.548</ele><time>2025-04-20T00:42:03Z</time></trkpt><trkpt lat="-31.899783999999997" lon="-64.94773500000039"><ele>1602.879</ele><time>2025-04-20T00:42:54Z</time></trkpt><trkpt lat="-31.899793999999996" lon="-64.94778700000039"><ele>1601.563</ele><time>2025-04-20T00:43:03Z</time></trkpt><trkpt lat="-31.899803999999996" lon="-64.94785400000039"><ele>1599.830</ele><time>2025-04-20T00:43:28Z</time></trkpt><trkpt lat="-31.899796999999996" lon="-64.94791100000039"><ele>1598.897</ele><time>2025-04-20T00:43:38Z</time></trkpt><trkpt lat="-31.899793999999996" lon="-64.94796600000039"><ele>1597.623</ele><time>2025-04-20T00:43:53Z</time></trkpt><trkpt lat="-31.899781999999995" lon="-64.9480210000004"><ele>1596.725</ele><time>2025-04-20T00:44:04Z</time></trkpt><trkpt lat="-31.899764999999995" lon="-64.94807400000039"><ele>1595.909</ele><time>2025-04-20T00:44:14Z</time></trkpt><trkpt lat="-31.899781999999995" lon="-64.94812400000039"><ele>1594.511</ele><time>2025-04-20T00:44:43Z</time></trkpt><trkpt lat="-31.899773999999994" lon="-64.94818200000039"><ele>1593.449</ele><time>2025-04-20T00:44:51Z</time></trkpt><trkpt lat="-31.899745999999993" lon="-64.94822700000039"><ele>1592.978</ele><time>2025-04-20T00:44:59Z</time></trkpt><trkpt lat="-31.899758999999992" lon="-64.94828400000038"><ele>1591.448</ele><time>2025-04-20T00:45:10Z</time></trkpt><trkpt lat="-31.899783999999993" lon="-64.94833200000039"><ele>1589.964</ele><time>2025-04-20T00:45:20Z</time></trkpt><trkpt lat="-31.899798999999994" lon="-64.9483820000004"><ele>1588.966</ele><time>2025-04-20T00:45:27Z</time></trkpt><trkpt lat="-31.899828999999993" lon="-64.9484300000004"><ele>1587.857</ele><time>2025-04-20T00:45:37Z</time></trkpt><trkpt lat="-31.899870999999994" lon="-64.9484600000004"><ele>1586.721</ele><time>2025-04-20T00:45:47Z</time></trkpt><trkpt lat="-31.899910999999992" lon="-64.9484980000004"><ele>1585.658</ele><time>2025-04-20T00:45:54Z</time></trkpt><trkpt lat="-31.90003799999999" lon="-64.9485180000004"><ele>1584.688</ele><time>2025-04-20T00:46:34Z</time></trkpt><trkpt lat="-31.900114999999992" lon="-64.9485300000004"><ele>1585.524</ele><time>2025-04-20T00:46:52Z</time></trkpt><trkpt lat="-31.900167999999994" lon="-64.9485380000004"><ele>1586.226</ele><time>2025-04-20T00:47:26Z</time></trkpt><trkpt lat="-31.900215999999993" lon="-64.9485550000004"><ele>1586.709</ele><time>2025-04-20T00:47:37Z</time></trkpt><trkpt lat="-31.900243999999994" lon="-64.94859700000039"><ele>1586.570</ele><time>2025-04-20T00:47:44Z</time></trkpt><trkpt lat="-31.900270999999993" lon="-64.94865900000039"><ele>1586.098</ele><time>2025-04-20T00:48:00Z</time></trkpt><trkpt lat="-31.900318999999993" lon="-64.94869200000039"><ele>1586.257</ele><time>2025-04-20T00:48:15Z</time></trkpt><trkpt lat="-31.90037699999999" lon="-64.94873200000039"><ele>1586.387</ele><time>2025-04-20T00:49:04Z</time></trkpt><trkpt lat="-31.900428999999992" lon="-64.94873900000039"><ele>1586.823</ele><time>2025-04-20T00:49:12Z</time></trkpt><trkpt lat="-31.900470999999992" lon="-64.94876400000038"><ele>1586.975</ele><time>2025-04-20T00:49:17Z</time></trkpt><trkpt lat="-31.900492999999994" lon="-64.94881100000038"><ele>1586.456</ele><time>2025-04-20T00:49:23Z</time></trkpt><trkpt lat="-31.900500999999995" lon="-64.94886600000038"><ele>1585.650</ele><time>2025-04-20T00:49:36Z</time></trkpt><trkpt lat="-31.900520999999994" lon="-64.94891400000039"><ele>1585.057</ele><time>2025-04-20T00:49:44Z</time></trkpt><trkpt lat="-31.900537999999994" lon="-64.94896400000039"><ele>1584.324</ele><time>2025-04-20T00:49:52Z</time></trkpt><trkpt lat="-31.900534999999994" lon="-64.94902100000039"><ele>1583.304</ele><time>2025-04-20T00:50:01Z</time></trkpt><trkpt lat="-31.900532999999996" lon="-64.94907400000038"><ele>1582.414</ele><time>2025-04-20T00:50:07Z</time></trkpt><trkpt lat="-31.900550999999997" lon="-64.94912700000037"><ele>1581.609</ele><time>2025-04-20T00:50:17Z</time></trkpt><trkpt lat="-31.900597999999995" lon="-64.94915000000037"><ele>1581.644</ele><time>2025-04-20T00:50:25Z</time></trkpt><trkpt lat="-31.900630999999994" lon="-64.94919800000038"><ele>1581.112</ele><time>2025-04-20T00:50:31Z</time></trkpt><trkpt lat="-31.900663999999992" lon="-64.94924100000038"><ele>1580.611</ele><time>2025-04-20T00:50:37Z</time></trkpt><trkpt lat="-31.900685999999993" lon="-64.94929300000038"><ele>1579.911</ele><time>2025-04-20T00:50:44Z</time></trkpt><trkpt lat="-31.900700999999994" lon="-64.94934300000038"><ele>1579.217</ele><time>2025-04-20T00:50:51Z</time></trkpt><trkpt lat="-31.900728999999995" lon="-64.94938600000039"><ele>1578.749</ele><time>2025-04-20T00:50:59Z</time></trkpt><trkpt lat="-31.900723999999993" lon="-64.94944400000038"><ele>1577.750</ele><time>2025-04-20T00:51:07Z</time></trkpt><trkpt lat="-31.90071899999999" lon="-64.94949700000038"><ele>1576.844</ele><time>2025-04-20T00:51:18Z</time></trkpt><trkpt lat="-31.90073899999999" lon="-64.94956400000038"><ele>1575.991</ele><time>2025-04-20T00:51:32Z</time></trkpt><trkpt lat="-31.90072599999999" lon="-64.94961900000038"><ele>1574.917</ele><time>2025-04-20T00:51:41Z</time></trkpt><trkpt lat="-31.900747999999993" lon="-64.94966900000038"><ele>1574.287</ele><time>2025-04-20T00:51:50Z</time></trkpt><trkpt lat="-31.900764999999993" lon="-64.94972100000038"><ele>1573.415</ele><time>2025-04-20T00:51:58Z</time></trkpt><trkpt lat="-31.900789999999994" lon="-64.94977300000038"><ele>1572.709</ele><time>2025-04-20T00:52:08Z</time></trkpt><trkpt lat="-31.900812999999992" lon="-64.94982300000038"><ele>1571.973</ele><time>2025-04-20T00:52:16Z</time></trkpt><trkpt lat="-31.900822999999992" lon="-64.94987800000038"><ele>1571.071</ele><time>2025-04-20T00:52:25Z</time></trkpt><trkpt lat="-31.90083299999999" lon="-64.94993600000038"><ele>1570.190</ele><time>2025-04-20T00:52:37Z</time></trkpt><trkpt lat="-31.90084599999999" lon="-64.94998800000037"><ele>1569.560</ele><time>2025-04-20T00:52:43Z</time></trkpt><trkpt lat="-31.900857999999992" lon="-64.95004000000037"><ele>1569.096</ele><time>2025-04-20T00:52:52Z</time></trkpt><trkpt lat="-31.900865999999994" lon="-64.95009700000037"><ele>1568.228</ele><time>2025-04-20T00:53:00Z</time></trkpt><trkpt lat="-31.900862999999994" lon="-64.95015400000037"><ele>1567.289</ele><time>2025-04-20T00:53:05Z</time></trkpt><trkpt lat="-31.900870999999995" lon="-64.95021400000037"><ele>1566.473</ele><time>2025-04-20T00:53:11Z</time></trkpt><trkpt lat="-31.900898999999995" lon="-64.95025900000037"><ele>1566.220</ele><time>2025-04-20T00:53:20Z</time></trkpt><trkpt lat="-31.900943999999996" lon="-64.95026100000037"><ele>1567.049</ele><time>2025-04-20T00:53:26Z</time></trkpt><trkpt lat="-31.900990999999994" lon="-64.95024300000037"><ele>1568.302</ele><time>2025-04-20T00:53:31Z</time></trkpt><trkpt lat="-31.901042999999994" lon="-64.95022100000037"><ele>1569.722</ele><time>2025-04-20T00:53:38Z</time></trkpt><trkpt lat="-31.901089999999993" lon="-64.95020800000037"><ele>1570.909</ele><time>2025-04-20T00:53:43Z</time></trkpt><trkpt lat="-31.901139999999995" lon="-64.95020300000037"><ele>1572.096</ele><time>2025-04-20T00:53:48Z</time></trkpt><trkpt lat="-31.901187999999994" lon="-64.95019100000037"><ele>1573.344</ele><time>2025-04-20T00:53:53Z</time></trkpt><trkpt lat="-31.901232999999994" lon="-64.95019300000037"><ele>1574.173</ele><time>2025-04-20T00:53:58Z</time></trkpt><trkpt lat="-31.901279999999993" lon="-64.95018100000037"><ele>1575.433</ele><time>2025-04-20T00:54:03Z</time></trkpt><trkpt lat="-31.901336999999995" lon="-64.95019800000037"><ele>1576.129</ele><time>2025-04-20T00:54:15Z</time></trkpt><trkpt lat="-31.901386999999996" lon="-64.95018000000037"><ele>1577.681</ele><time>2025-04-20T00:54:21Z</time></trkpt><trkpt lat="-31.901436999999998" lon="-64.95016500000037"><ele>1579.092</ele><time>2025-04-20T00:54:27Z</time></trkpt><trkpt lat="-31.901484999999997" lon="-64.95016800000037"><ele>1580.026</ele><time>2025-04-20T00:54:34Z</time></trkpt><trkpt lat="-31.901529999999998" lon="-64.95019500000038"><ele>1580.183</ele><time>2025-04-20T00:54:40Z</time></trkpt><trkpt lat="-31.90158" lon="-64.95020700000038"><ele>1580.885</ele><time>2025-04-20T00:54:49Z</time></trkpt><trkpt lat="-31.901626999999998" lon="-64.95022200000038"><ele>1581.389</ele><time>2025-04-20T00:55:00Z</time></trkpt><trkpt lat="-31.901671999999998" lon="-64.95024500000038"><ele>1581.417</ele><time>2025-04-20T00:55:10Z</time></trkpt><trkpt lat="-31.901716999999998" lon="-64.95027300000038"><ele>1580.609</ele><time>2025-04-20T00:55:18Z</time></trkpt><trkpt lat="-31.901763999999996" lon="-64.95028100000037"><ele>1580.510</ele><time>2025-04-20T00:55:24Z</time></trkpt><trkpt lat="-31.901811999999996" lon="-64.95030600000037"><ele>1579.858</ele><time>2025-04-20T00:55:30Z</time></trkpt><trkpt lat="-31.901859999999996" lon="-64.95030400000037"><ele>1580.047</ele><time>2025-04-20T00:55:37Z</time></trkpt><trkpt lat="-31.901906999999994" lon="-64.95032700000037"><ele>1579.427</ele><time>2025-04-20T00:55:45Z</time></trkpt><trkpt lat="-31.901954999999994" lon="-64.95034000000037"><ele>1579.193</ele><time>2025-04-20T00:55:51Z</time></trkpt><trkpt lat="-31.901996999999994" lon="-64.95036800000037"><ele>1578.225</ele><time>2025-04-20T00:55:57Z</time></trkpt><trkpt lat="-31.902039999999996" lon="-64.95039300000036"><ele>1577.526</ele><time>2025-04-20T00:56:03Z</time></trkpt><trkpt lat="-31.902059999999995" lon="-64.95044500000036"><ele>1575.720</ele><time>2025-04-20T00:56:11Z</time></trkpt><trkpt lat="-31.902094999999996" lon="-64.95049000000036"><ele>1574.367</ele><time>2025-04-20T00:56:18Z</time></trkpt><trkpt lat="-31.902134999999994" lon="-64.95051700000036"><ele>1573.411</ele><time>2025-04-20T00:56:24Z</time></trkpt><trkpt lat="-31.902171999999993" lon="-64.95055400000037"><ele>1572.121</ele><time>2025-04-20T00:56:33Z</time></trkpt><trkpt lat="-31.902216999999993" lon="-64.95058400000036"><ele>1571.103</ele><time>2025-04-20T00:56:40Z</time></trkpt><trkpt lat="-31.902244999999994" lon="-64.95062700000037"><ele>1569.609</ele><time>2025-04-20T00:56:46Z</time></trkpt><trkpt lat="-31.902282999999994" lon="-64.95066900000036"><ele>1568.193</ele><time>2025-04-20T00:56:54Z</time></trkpt><trkpt lat="-31.902304999999995" lon="-64.95071600000036"><ele>1566.481</ele><time>2025-04-20T00:56:58Z</time></trkpt><trkpt lat="-31.902317999999994" lon="-64.95077600000036"><ele>1564.320</ele><time>2025-04-20T00:57:04Z</time></trkpt><trkpt lat="-31.902342999999995" lon="-64.95082800000036"><ele>1562.430</ele><time>2025-04-20T00:57:10Z</time></trkpt><trkpt lat="-31.902365999999994" lon="-64.95087600000036"><ele>1560.856</ele><time>2025-04-20T00:57:15Z</time></trkpt><trkpt lat="-31.902383999999994" lon="-64.95093400000036"><ele>1558.858</ele><time>2025-04-20T00:57:21Z</time></trkpt><trkpt lat="-31.902415999999995" lon="-64.95097400000036"><ele>1557.469</ele><time>2025-04-20T00:57:31Z</time></trkpt><trkpt lat="-31.902463999999995" lon="-64.95100600000036"><ele>1556.363</ele><time>2025-04-20T00:57:45Z</time></trkpt><trkpt lat="-31.902500999999994" lon="-64.95104400000037"><ele>1554.960</ele><time>2025-04-20T00:57:51Z</time></trkpt><trkpt lat="-31.902535999999994" lon="-64.95109600000036"><ele>1552.067</ele><time>2025-04-20T00:57:57Z</time></trkpt><trkpt lat="-31.902557999999996" lon="-64.95115400000036"><ele>1549.481</ele><time>2025-04-20T00:58:03Z</time></trkpt><trkpt lat="-31.902584999999995" lon="-64.95119900000036"><ele>1547.019</ele><time>2025-04-20T00:58:08Z</time></trkpt><trkpt lat="-31.902621999999994" lon="-64.95123600000036"><ele>1544.709</ele><time>2025-04-20T00:58:14Z</time></trkpt><trkpt lat="-31.902658999999993" lon="-64.95128100000036"><ele>1542.098</ele><time>2025-04-20T00:58:19Z</time></trkpt><trkpt lat="-31.90269899999999" lon="-64.95130800000037"><ele>1539.996</ele><time>2025-04-20T00:58:24Z</time></trkpt><trkpt lat="-31.90274599999999" lon="-64.95133300000036"><ele>1537.615</ele><time>2025-04-20T00:58:30Z</time></trkpt><trkpt lat="-31.90279099999999" lon="-64.95135000000036"><ele>1535.635</ele><time>2025-04-20T00:58:35Z</time></trkpt><trkpt lat="-31.90283899999999" lon="-64.95136500000037"><ele>1533.791</ele><time>2025-04-20T00:58:40Z</time></trkpt><trkpt lat="-31.90289199999999" lon="-64.95137300000036"><ele>1531.863</ele><time>2025-04-20T00:58:45Z</time></trkpt><trkpt lat="-31.90293999999999" lon="-64.95138000000036"><ele>1530.144</ele><time>2025-04-20T00:58:50Z</time></trkpt><trkpt lat="-31.902989999999992" lon="-64.95137700000035"><ele>1528.648</ele><time>2025-04-20T00:58:56Z</time></trkpt><trkpt lat="-31.90303799999999" lon="-64.95137400000034"><ele>1527.275</ele><time>2025-04-20T00:59:04Z</time></trkpt><trkpt lat="-31.90308499999999" lon="-64.95137100000034"><ele>1525.962</ele><time>2025-04-20T00:59:10Z</time></trkpt><trkpt lat="-31.90314499999999" lon="-64.95136100000033"><ele>1524.483</ele><time>2025-04-20T00:59:27Z</time></trkpt><trkpt lat="-31.903204999999993" lon="-64.95136300000033"><ele>1522.411</ele><time>2025-04-20T00:59:45Z</time></trkpt><trkpt lat="-31.903252999999992" lon="-64.95134500000033"><ele>1521.509</ele><time>2025-04-20T00:59:58Z</time></trkpt><trkpt lat="-31.903304999999992" lon="-64.95135800000033"><ele>1519.588</ele><time>2025-04-20T01:00:04Z</time></trkpt><trkpt lat="-31.90335199999999" lon="-64.95134500000033"><ele>1519.396</ele><time>2025-04-20T01:00:13Z</time></trkpt><trkpt lat="-31.90339899999999" lon="-64.95134200000032"><ele>1520.115</ele><time>2025-04-20T01:00:26Z</time></trkpt><trkpt lat="-31.903431999999988" lon="-64.95130400000032"><ele>1521.675</ele><time>2025-04-20T01:00:37Z</time></trkpt><trkpt lat="-31.90345999999999" lon="-64.95126200000033"><ele>1523.111</ele><time>2025-04-20T01:00:45Z</time></trkpt><trkpt lat="-31.90350199999999" lon="-64.95122700000033"><ele>1524.563</ele><time>2025-04-20T01:00:56Z</time></trkpt><trkpt lat="-31.903583999999988" lon="-64.95121200000033"><ele>1525.764</ele><time>2025-04-20T01:01:27Z</time></trkpt><trkpt lat="-31.903638999999988" lon="-64.95119200000032"><ele>1526.688</ele><time>2025-04-20T01:01:59Z</time></trkpt><trkpt lat="-31.903671999999986" lon="-64.95115200000032"><ele>1527.625</ele><time>2025-04-20T01:02:08Z</time></trkpt><trkpt lat="-31.903711999999985" lon="-64.95111700000032"><ele>1528.582</ele><time>2025-04-20T01:02:15Z</time></trkpt><trkpt lat="-31.903753999999985" lon="-64.95108700000033"><ele>1529.243</ele><time>2025-04-20T01:02:29Z</time></trkpt><trkpt lat="-31.903788999999986" lon="-64.95103500000033"><ele>1530.117</ele><time>2025-04-20T01:02:47Z</time></trkpt><trkpt lat="-31.903850999999985" lon="-64.95103000000033"><ele>1530.309</ele><time>2025-04-20T01:03:04Z</time></trkpt><trkpt lat="-31.903967999999985" lon="-64.95104200000033"><ele>1530.620</ele><time>2025-04-20T01:04:05Z</time></trkpt><trkpt lat="-31.904032999999984" lon="-64.95094400000033"><ele>1531.258</ele><time>2025-04-20T01:07:02Z</time></trkpt><trkpt lat="-31.904079999999983" lon="-64.95091900000034"><ele>1531.217</ele><time>2025-04-20T01:07:14Z</time></trkpt><trkpt lat="-31.904187999999984" lon="-64.95095100000034"><ele>1532.317</ele><time>2025-04-20T01:07:55Z</time></trkpt><trkpt lat="-31.904240999999985" lon="-64.95093900000035"><ele>1535.343</ele><time>2025-04-20T01:08:05Z</time></trkpt><trkpt lat="-31.904332999999983" lon="-64.95092700000035"><ele>1540.515</ele><time>2025-04-20T01:08:30Z</time></trkpt><trkpt lat="-31.904432999999983" lon="-64.95093000000035"><ele>1546.256</ele><time>2025-04-20T01:09:02Z</time></trkpt><trkpt lat="-31.904480999999983" lon="-64.95093700000035"><ele>1548.970</ele><time>2025-04-20T01:09:10Z</time></trkpt><trkpt lat="-31.904500999999982" lon="-64.95099400000035"><ele>1550.177</ele><time>2025-04-20T01:09:32Z</time></trkpt><trkpt lat="-31.904570999999983" lon="-64.95108600000034"><ele>1554.311</ele><time>2025-04-20T01:10:34Z</time></trkpt><trkpt lat="-31.904500999999982" lon="-64.95113600000035"><ele>1550.421</ele><time>2025-04-20T01:10:58Z</time></trkpt><trkpt lat="-31.904460999999984" lon="-64.95116400000035"><ele>1548.103</ele><time>2025-04-20T01:11:07Z</time></trkpt><trkpt lat="-31.904425999999983" lon="-64.95121200000035"><ele>1546.209</ele><time>2025-04-20T01:11:21Z</time></trkpt><trkpt lat="-31.904412999999984" lon="-64.95130700000036"><ele>1545.643</ele><time>2025-04-20T01:11:43Z</time></trkpt><trkpt lat="-31.904417999999986" lon="-64.95136500000035"><ele>1546.071</ele><time>2025-04-20T01:11:52Z</time></trkpt><trkpt lat="-31.904432999999987" lon="-64.95142200000035"><ele>1547.080</ele><time>2025-04-20T01:12:01Z</time></trkpt><trkpt lat="-31.904464999999988" lon="-64.95146400000034"><ele>1548.950</ele><time>2025-04-20T01:12:09Z</time></trkpt><trkpt lat="-31.90448999999999" lon="-64.95151100000034"><ele>1550.486</ele><time>2025-04-20T01:12:17Z</time></trkpt><trkpt lat="-31.90452499999999" lon="-64.95154400000034"><ele>1552.478</ele><time>2025-04-20T01:12:26Z</time></trkpt><trkpt lat="-31.904582999999988" lon="-64.95160100000034"><ele>1555.939</ele><time>2025-04-20T01:12:41Z</time></trkpt><trkpt lat="-31.904620999999988" lon="-64.95162900000034"><ele>1558.113</ele><time>2025-04-20T01:12:48Z</time></trkpt><trkpt lat="-31.904585999999988" lon="-64.95166900000034"><ele>1556.170</ele><time>2025-04-20T01:12:56Z</time></trkpt><trkpt lat="-31.90455299999999" lon="-64.95171100000033"><ele>1553.957</ele><time>2025-04-20T01:13:08Z</time></trkpt><trkpt lat="-31.90451099999999" lon="-64.95173100000034"><ele>1551.300</ele><time>2025-04-20T01:13:19Z</time></trkpt><trkpt lat="-31.90447599999999" lon="-64.95177800000033"><ele>1548.920</ele><time>2025-04-20T01:13:26Z</time></trkpt><trkpt lat="-31.904457999999988" lon="-64.95183100000033"><ele>1547.509</ele><time>2025-04-20T01:13:36Z</time></trkpt><trkpt lat="-31.90446599999999" lon="-64.95188800000032"><ele>1547.477</ele><time>2025-04-20T01:13:42Z</time></trkpt><trkpt lat="-31.904502999999988" lon="-64.95193100000033"><ele>1549.175</ele><time>2025-04-20T01:13:55Z</time></trkpt><trkpt lat="-31.90457299999999" lon="-64.95199400000033"><ele>1552.594</ele><time>2025-04-20T01:14:23Z</time></trkpt><trkpt lat="-31.90458799999999" lon="-64.95212200000033"><ele>1552.264</ele><time>2025-04-20T01:14:59Z</time></trkpt><trkpt lat="-31.90457299999999" lon="-64.95218400000033"><ele>1550.870</ele><time>2025-04-20T01:15:08Z</time></trkpt><trkpt lat="-31.90449499999999" lon="-64.95223900000033"><ele>1546.142</ele><time>2025-04-20T01:15:36Z</time></trkpt><trkpt lat="-31.90442699999999" lon="-64.95233100000033"><ele>1541.823</ele><time>2025-04-20T01:16:22Z</time></trkpt><trkpt lat="-31.904393999999993" lon="-64.95237300000032"><ele>1539.777</ele><time>2025-04-20T01:16:32Z</time></trkpt><trkpt lat="-31.90432699999999" lon="-64.95243000000032"><ele>1535.894</ele><time>2025-04-20T01:17:01Z</time></trkpt><trkpt lat="-31.90431899999999" lon="-64.95248300000031"><ele>1535.042</ele><time>2025-04-20T01:17:09Z</time></trkpt><trkpt lat="-31.90428899999999" lon="-64.95253300000032"><ele>1532.522</ele><time>2025-04-20T01:17:23Z</time></trkpt><trkpt lat="-31.90428199999999" lon="-64.95259300000032"><ele>1530.614</ele><time>2025-04-20T01:17:33Z</time></trkpt><trkpt lat="-31.904279999999993" lon="-64.95265100000032"><ele>1529.109</ele><time>2025-04-20T01:17:43Z</time></trkpt><trkpt lat="-31.904266999999994" lon="-64.95272900000032"><ele>1526.586</ele><time>2025-04-20T01:18:27Z</time></trkpt><trkpt lat="-31.904291999999995" lon="-64.95278100000031"><ele>1526.484</ele><time>2025-04-20T01:18:34Z</time></trkpt><trkpt lat="-31.904293999999993" lon="-64.95283600000032"><ele>1525.013</ele><time>2025-04-20T01:18:44Z</time></trkpt><trkpt lat="-31.904396999999992" lon="-64.95299800000032"><ele>1525.293</ele><time>2025-04-20T01:19:10Z</time></trkpt><trkpt lat="-31.904373999999994" lon="-64.95305500000032"><ele>1522.759</ele><time>2025-04-20T01:19:18Z</time></trkpt><trkpt lat="-31.904365999999992" lon="-64.95311000000032"><ele>1520.911</ele><time>2025-04-20T01:19:24Z</time></trkpt><trkpt lat="-31.904383999999993" lon="-64.95316800000032"><ele>1520.132</ele><time>2025-04-20T01:19:32Z</time></trkpt><trkpt lat="-31.904411999999994" lon="-64.95321300000032"><ele>1519.976</ele><time>2025-04-20T01:19:37Z</time></trkpt><trkpt lat="-31.904438999999993" lon="-64.95325800000032"><ele>1519.613</ele><time>2025-04-20T01:19:44Z</time></trkpt><trkpt lat="-31.904448999999993" lon="-64.95331000000031"><ele>1518.515</ele><time>2025-04-20T01:19:53Z</time></trkpt><trkpt lat="-31.904431999999993" lon="-64.95336500000032"><ele>1516.165</ele><time>2025-04-20T01:20:00Z</time></trkpt><trkpt lat="-31.904463999999994" lon="-64.95340500000032"><ele>1515.711</ele><time>2025-04-20T01:20:08Z</time></trkpt><trkpt lat="-31.904490999999993" lon="-64.95345300000032"><ele>1514.909</ele><time>2025-04-20T01:20:15Z</time></trkpt><trkpt lat="-31.904482999999992" lon="-64.95350800000033"><ele>1512.693</ele><time>2025-04-20T01:20:32Z</time></trkpt><trkpt lat="-31.904487999999994" lon="-64.95356800000033"><ele>1510.541</ele><time>2025-04-20T01:20:40Z</time></trkpt><trkpt lat="-31.904494999999994" lon="-64.95362300000033"><ele>1508.770</ele><time>2025-04-20T01:20:48Z</time></trkpt><trkpt lat="-31.904484999999994" lon="-64.95367500000033"><ele>1506.510</ele><time>2025-04-20T01:20:56Z</time></trkpt><trkpt lat="-31.904501999999994" lon="-64.95372700000033"><ele>1505.156</ele><time>2025-04-20T01:21:01Z</time></trkpt><trkpt lat="-31.904501999999994" lon="-64.95378200000033"><ele>1503.188</ele><time>2025-04-20T01:21:11Z</time></trkpt><trkpt lat="-31.904499999999995" lon="-64.95383900000033"><ele>1500.919</ele><time>2025-04-20T01:21:20Z</time></trkpt><trkpt lat="-31.904516999999995" lon="-64.95389100000033"><ele>1499.673</ele><time>2025-04-20T01:21:29Z</time></trkpt><trkpt lat="-31.904499999999995" lon="-64.95395300000033"><ele>1496.760</ele><time>2025-04-20T01:21:40Z</time></trkpt><trkpt lat="-31.904492999999995" lon="-64.95400800000033"><ele>1494.484</ele><time>2025-04-20T01:21:51Z</time></trkpt><trkpt lat="-31.904472999999996" lon="-64.95405600000034"><ele>1492.007</ele><time>2025-04-20T01:21:59Z</time></trkpt><trkpt lat="-31.904459999999997" lon="-64.95411300000033"><ele>1489.517</ele><time>2025-04-20T01:22:08Z</time></trkpt><trkpt lat="-31.904469999999996" lon="-64.95416800000034"><ele>1487.809</ele><time>2025-04-20T01:22:17Z</time></trkpt><trkpt lat="-31.904484999999998" lon="-64.95422300000034"><ele>1486.750</ele><time>2025-04-20T01:22:25Z</time></trkpt><trkpt lat="-31.904497" lon="-64.95428100000034"><ele>1485.478</ele><time>2025-04-20T01:22:35Z</time></trkpt><trkpt lat="-31.904497" lon="-64.95433400000033"><ele>1483.947</ele><time>2025-04-20T01:22:43Z</time></trkpt><trkpt lat="-31.904529" lon="-64.95437600000032"><ele>1483.627</ele><time>2025-04-20T01:22:50Z</time></trkpt><trkpt lat="-31.904544" lon="-64.95442900000032"><ele>1482.543</ele><time>2025-04-20T01:22:58Z</time></trkpt><trkpt lat="-31.904567" lon="-64.95447600000031"><ele>1481.835</ele><time>2025-04-20T01:23:07Z</time></trkpt><trkpt lat="-31.90457" lon="-64.95453400000031"><ele>1480.196</ele><time>2025-04-20T01:23:14Z</time></trkpt><trkpt lat="-31.904557999999998" lon="-64.9545870000003"><ele>1478.260</ele><time>2025-04-20T01:23:23Z</time></trkpt><trkpt lat="-31.90459" lon="-64.9546270000003"><ele>1477.937</ele><time>2025-04-20T01:23:31Z</time></trkpt><trkpt lat="-31.904626999999998" lon="-64.9546640000003"><ele>1477.787</ele><time>2025-04-20T01:23:40Z</time></trkpt><trkpt lat="-31.904671999999998" lon="-64.95468400000031"><ele>1478.242</ele><time>2025-04-20T01:23:47Z</time></trkpt><trkpt lat="-31.904714" lon="-64.95471400000031"><ele>1478.326</ele><time>2025-04-20T01:24:01Z</time></trkpt><trkpt lat="-31.904759" lon="-64.9547270000003"><ele>1479.009</ele><time>2025-04-20T01:24:08Z</time></trkpt><trkpt lat="-31.904801" lon="-64.9547490000003"><ele>1479.350</ele><time>2025-04-20T01:24:15Z</time></trkpt><trkpt lat="-31.904840999999998" lon="-64.9547790000003"><ele>1479.248</ele><time>2025-04-20T01:24:22Z</time></trkpt><trkpt lat="-31.904873" lon="-64.9548220000003"><ele>1478.537</ele><time>2025-04-20T01:24:29Z</time></trkpt><trkpt lat="-31.904918" lon="-64.9548400000003"><ele>1478.927</ele><time>2025-04-20T01:24:41Z</time></trkpt><trkpt lat="-31.904961" lon="-64.9548950000003"><ele>1477.913</ele><time>2025-04-20T01:24:51Z</time></trkpt><trkpt lat="-31.904964" lon="-64.9549480000003"><ele>1476.155</ele><time>2025-04-20T01:24:56Z</time></trkpt><trkpt lat="-31.904957" lon="-64.9550030000003"><ele>1474.046</ele><time>2025-04-20T01:25:04Z</time></trkpt><trkpt lat="-31.905002" lon="-64.9550250000003"><ele>1474.220</ele><time>2025-04-20T01:25:17Z</time></trkpt><trkpt lat="-31.905029" lon="-64.9550780000003"><ele>1472.527</ele><time>2025-04-20T01:25:24Z</time></trkpt><trkpt lat="-31.905048999999998" lon="-64.9551360000003"><ele>1470.766</ele><time>2025-04-20T01:25:29Z</time></trkpt><trkpt lat="-31.905061999999997" lon="-64.95518900000029"><ele>1469.029</ele><time>2025-04-20T01:25:43Z</time></trkpt><trkpt lat="-31.90507" lon="-64.95524400000029"><ele>1467.321</ele><time>2025-04-20T01:25:51Z</time></trkpt><trkpt lat="-31.90505" lon="-64.95530200000029"><ele>1465.409</ele><time>2025-04-20T01:27:01Z</time></trkpt><trkpt lat="-31.905063" lon="-64.95535400000028"><ele>1463.718</ele><time>2025-04-20T01:27:10Z</time></trkpt><trkpt lat="-31.905137999999997" lon="-64.95542100000029"><ele>1461.986</ele><time>2025-04-20T01:27:41Z</time></trkpt><trkpt lat="-31.905157999999997" lon="-64.95547300000028"><ele>1460.385</ele><time>2025-04-20T01:27:51Z</time></trkpt><trkpt lat="-31.905189999999997" lon="-64.95551800000028"><ele>1459.075</ele><time>2025-04-20T01:27:57Z</time></trkpt><trkpt lat="-31.905216999999997" lon="-64.95556500000028"><ele>1457.791</ele><time>2025-04-20T01:28:03Z</time></trkpt><trkpt lat="-31.905263999999995" lon="-64.95557700000028"><ele>1457.583</ele><time>2025-04-20T01:28:08Z</time></trkpt><trkpt lat="-31.905270999999995" lon="-64.95566900000027"><ele>1454.724</ele><time>2025-04-20T01:28:25Z</time></trkpt><trkpt lat="-31.905252999999995" lon="-64.95575900000027"><ele>1451.888</ele><time>2025-04-20T01:28:47Z</time></trkpt><trkpt lat="-31.905245999999995" lon="-64.95582100000027"><ele>1449.915</ele><time>2025-04-20T01:28:55Z</time></trkpt><trkpt lat="-31.905267999999996" lon="-64.95589100000026"><ele>1448.075</ele><time>2025-04-20T01:29:11Z</time></trkpt><trkpt lat="-31.905280999999995" lon="-64.95594800000026"><ele>1446.428</ele><time>2025-04-20T01:29:15Z</time></trkpt><trkpt lat="-31.905310999999994" lon="-64.95598800000026"><ele>1445.520</ele><time>2025-04-20T01:29:21Z</time></trkpt><trkpt lat="-31.905353999999996" lon="-64.95601300000025"><ele>1445.209</ele><time>2025-04-20T01:29:27Z</time></trkpt><trkpt lat="-31.905383999999994" lon="-64.95605500000025"><ele>1444.379</ele><time>2025-04-20T01:29:33Z</time></trkpt><trkpt lat="-31.905418999999995" lon="-64.95609800000025"><ele>1443.537</ele><time>2025-04-20T01:29:43Z</time></trkpt><trkpt lat="-31.905458999999993" lon="-64.95613600000026"><ele>1442.996</ele><time>2025-04-20T01:29:50Z</time></trkpt><trkpt lat="-31.905493999999994" lon="-64.95617300000026"><ele>1442.426</ele><time>2025-04-20T01:29:57Z</time></trkpt><trkpt lat="-31.905535999999994" lon="-64.95623300000027"><ele>1441.452</ele><time>2025-04-20T01:30:22Z</time></trkpt><trkpt lat="-31.905578999999996" lon="-64.95625100000026"><ele>1441.454</ele><time>2025-04-20T01:30:28Z</time></trkpt><trkpt lat="-31.905645999999997" lon="-64.95630100000027"><ele>1441.165</ele><time>2025-04-20T01:31:01Z</time></trkpt><trkpt lat="-31.905690999999997" lon="-64.95632300000027"><ele>1441.299</ele><time>2025-04-20T01:31:11Z</time></trkpt><trkpt lat="-31.905753999999998" lon="-64.95635800000026"><ele>1441.246</ele><time>2025-04-20T01:31:36Z</time></trkpt><trkpt lat="-31.905773999999997" lon="-64.95640600000027"><ele>1440.575</ele><time>2025-04-20T01:31:43Z</time></trkpt><trkpt lat="-31.905813999999996" lon="-64.95643600000027"><ele>1440.428</ele><time>2025-04-20T01:31:53Z</time></trkpt><trkpt lat="-31.905820999999996" lon="-64.95649300000026"><ele>1439.420</ele><time>2025-04-20T01:32:01Z</time></trkpt><trkpt lat="-31.905795999999995" lon="-64.95654000000026"><ele>1438.009</ele><time>2025-04-20T01:32:13Z</time></trkpt><trkpt lat="-31.905788999999995" lon="-64.95661200000026"><ele>1436.469</ele><time>2025-04-20T01:32:34Z</time></trkpt><trkpt lat="-31.905761999999996" lon="-64.95665700000026"><ele>1434.917</ele><time>2025-04-20T01:32:40Z</time></trkpt><trkpt lat="-31.905786999999997" lon="-64.95670700000026"><ele>1434.456</ele><time>2025-04-20T01:32:49Z</time></trkpt><trkpt lat="-31.905818999999997" lon="-64.95674700000026"><ele>1434.256</ele><time>2025-04-20T01:32:57Z</time></trkpt><trkpt lat="-31.905848999999996" lon="-64.95679400000026"><ele>1434.332</ele><time>2025-04-20T01:33:07Z</time></trkpt><trkpt lat="-31.905855999999996" lon="-64.95685200000025"><ele>1433.634</ele><time>2025-04-20T01:33:20Z</time></trkpt><trkpt lat="-31.905890999999997" lon="-64.95695700000026"><ele>1433.355</ele><time>2025-04-20T01:33:46Z</time></trkpt><trkpt lat="-31.905887999999997" lon="-64.95701000000025"><ele>1432.269</ele><time>2025-04-20T01:33:52Z</time></trkpt><trkpt lat="-31.905894999999997" lon="-64.95706700000025"><ele>1431.496</ele><time>2025-04-20T01:33:59Z</time></trkpt><trkpt lat="-31.905893" lon="-64.95712400000025"><ele>1430.256</ele><time>2025-04-20T01:34:08Z</time></trkpt><trkpt lat="-31.905905" lon="-64.95717900000025"><ele>1429.859</ele><time>2025-04-20T01:34:15Z</time></trkpt><trkpt lat="-31.905865000000002" lon="-64.95720700000025"><ele>1427.214</ele><time>2025-04-20T01:34:47Z</time></trkpt><trkpt lat="-31.905822" lon="-64.95723500000025"><ele>1424.909</ele><time>2025-04-20T01:34:54Z</time></trkpt><trkpt lat="-31.905792" lon="-64.95728500000025"><ele>1423.637</ele><time>2025-04-20T01:34:59Z</time></trkpt><trkpt lat="-31.905745000000003" lon="-64.95735000000026"><ele>1421.745</ele><time>2025-04-20T01:35:05Z</time></trkpt><trkpt lat="-31.905710000000003" lon="-64.95739700000026"><ele>1420.424</ele><time>2025-04-20T01:35:11Z</time></trkpt><trkpt lat="-31.905735000000004" lon="-64.95744500000026"><ele>1419.854</ele><time>2025-04-20T01:35:17Z</time></trkpt><trkpt lat="-31.905778000000005" lon="-64.95747000000026"><ele>1419.990</ele><time>2025-04-20T01:35:26Z</time></trkpt><trkpt lat="-31.905823000000005" lon="-64.95760800000026"><ele>1418.272</ele><time>2025-04-20T01:36:11Z</time></trkpt><trkpt lat="-31.905853000000004" lon="-64.95765000000026"><ele>1418.673</ele><time>2025-04-20T01:36:17Z</time></trkpt><trkpt lat="-31.905898000000004" lon="-64.95767000000026"><ele>1420.667</ele><time>2025-04-20T01:36:24Z</time></trkpt><trkpt lat="-31.905946000000004" lon="-64.95773200000026"><ele>1422.054</ele><time>2025-04-20T01:36:42Z</time></trkpt><trkpt lat="-31.905938000000003" lon="-64.95778700000027"><ele>1420.792</ele><time>2025-04-20T01:36:49Z</time></trkpt><trkpt lat="-31.905945000000003" lon="-64.95785500000027"><ele>1420.073</ele><time>2025-04-20T01:37:04Z</time></trkpt><trkpt lat="-31.905978" lon="-64.95789500000026"><ele>1421.020</ele><time>2025-04-20T01:37:11Z</time></trkpt><trkpt lat="-31.906003000000002" lon="-64.95794000000026"><ele>1421.509</ele><time>2025-04-20T01:37:18Z</time></trkpt><trkpt lat="-31.906010000000002" lon="-64.95799700000026"><ele>1420.971</ele><time>2025-04-20T01:37:26Z</time></trkpt><trkpt lat="-31.905993000000002" lon="-64.95805200000027"><ele>1419.269</ele><time>2025-04-20T01:37:36Z</time></trkpt><trkpt lat="-31.905995" lon="-64.95811200000027"><ele>1418.398</ele><time>2025-04-20T01:37:50Z</time></trkpt><trkpt lat="-31.905988" lon="-64.95817400000027"><ele>1417.028</ele><time>2025-04-20T01:38:02Z</time></trkpt><trkpt lat="-31.905996000000002" lon="-64.95823100000027"><ele>1416.594</ele><time>2025-04-20T01:38:10Z</time></trkpt><trkpt lat="-31.906016" lon="-64.95829400000027"><ele>1416.426</ele><time>2025-04-20T01:38:22Z</time></trkpt><trkpt lat="-31.906008" lon="-64.95835700000026"><ele>1415.467</ele><time>2025-04-20T01:38:31Z</time></trkpt><trkpt lat="-31.906035" lon="-64.95841500000026"><ele>1416.911</ele><time>2025-04-20T01:38:45Z</time></trkpt><trkpt lat="-31.906028" lon="-64.95847000000026"><ele>1416.798</ele><time>2025-04-20T01:38:57Z</time></trkpt><trkpt lat="-31.906015" lon="-64.95852500000026"><ele>1416.257</ele><time>2025-04-20T01:39:11Z</time></trkpt><trkpt lat="-31.905978" lon="-64.95858800000026"><ele>1414.800</ele><time>2025-04-20T01:39:28Z</time></trkpt><trkpt lat="-31.90593" lon="-64.95857800000026"><ele>1412.720</ele><time>2025-04-20T01:39:39Z</time></trkpt><trkpt lat="-31.905878" lon="-64.95861300000026"><ele>1410.609</ele><time>2025-04-20T01:39:51Z</time></trkpt><trkpt lat="-31.905833" lon="-64.95861300000026"><ele>1408.777</ele><time>2025-04-20T01:40:00Z</time></trkpt><trkpt lat="-31.905781" lon="-64.95861800000026"><ele>1408.355</ele><time>2025-04-20T01:40:12Z</time></trkpt><trkpt lat="-31.905741000000003" lon="-64.95859300000026"><ele>1408.014</ele><time>2025-04-20T01:40:19Z</time></trkpt><trkpt lat="-31.905696000000002" lon="-64.95856100000026"><ele>1407.744</ele><time>2025-04-20T01:40:24Z</time></trkpt><trkpt lat="-31.905649000000004" lon="-64.95853400000026"><ele>1407.410</ele><time>2025-04-20T01:40:29Z</time></trkpt><trkpt lat="-31.905601000000004" lon="-64.95850400000026"><ele>1407.342</ele><time>2025-04-20T01:40:34Z</time></trkpt><trkpt lat="-31.905548000000003" lon="-64.95851400000026"><ele>1407.193</ele><time>2025-04-20T01:40:40Z</time></trkpt><trkpt lat="-31.905506000000003" lon="-64.95853700000026"><ele>1406.837</ele><time>2025-04-20T01:40:47Z</time></trkpt><trkpt lat="-31.905478000000002" lon="-64.95849500000027"><ele>1406.984</ele><time>2025-04-20T01:41:02Z</time></trkpt><trkpt lat="-31.905423000000003" lon="-64.95850200000027"><ele>1406.713</ele><time>2025-04-20T01:41:13Z</time></trkpt><trkpt lat="-31.905376000000004" lon="-64.95853200000026"><ele>1406.343</ele><time>2025-04-20T01:41:18Z</time></trkpt><trkpt lat="-31.905333000000002" lon="-64.95855500000026"><ele>1405.907</ele><time>2025-04-20T01:41:24Z</time></trkpt><trkpt lat="-31.905293000000004" lon="-64.95859200000027"><ele>1405.209</ele><time>2025-04-20T01:41:29Z</time></trkpt><trkpt lat="-31.905251000000003" lon="-64.95861200000027"><ele>1404.763</ele><time>2025-04-20T01:41:36Z</time></trkpt><trkpt lat="-31.905223000000003" lon="-64.95865500000028"><ele>1403.951</ele><time>2025-04-20T01:41:42Z</time></trkpt><trkpt lat="-31.905181000000002" lon="-64.95868300000028"><ele>1403.160</ele><time>2025-04-20T01:41:47Z</time></trkpt><trkpt lat="-31.905139000000002" lon="-64.95872000000028"><ele>1402.110</ele><time>2025-04-20T01:41:54Z</time></trkpt><trkpt lat="-31.905102000000003" lon="-64.95875700000029"><ele>1401.036</ele><time>2025-04-20T01:42:01Z</time></trkpt><trkpt lat="-31.905060000000002" lon="-64.9587770000003"><ele>1400.248</ele><time>2025-04-20T01:42:09Z</time></trkpt><trkpt lat="-31.905012000000003" lon="-64.9587890000003"><ele>1399.389</ele><time>2025-04-20T01:42:17Z</time></trkpt><trkpt lat="-31.904965000000004" lon="-64.9587990000003"><ele>1399.253</ele><time>2025-04-20T01:42:25Z</time></trkpt><trkpt lat="-31.904922000000003" lon="-64.9588160000003"><ele>1399.120</ele><time>2025-04-20T01:42:36Z</time></trkpt><trkpt lat="-31.904872" lon="-64.95882900000029"><ele>1399.162</ele><time>2025-04-20T01:42:47Z</time></trkpt><trkpt lat="-31.904824" lon="-64.9588510000003"><ele>1398.883</ele><time>2025-04-20T01:42:54Z</time></trkpt><trkpt lat="-31.904782" lon="-64.9588710000003"><ele>1398.611</ele><time>2025-04-20T01:43:03Z</time></trkpt><trkpt lat="-31.904742000000002" lon="-64.9589040000003"><ele>1398.009</ele><time>2025-04-20T01:43:09Z</time></trkpt><trkpt lat="-31.904700000000002" lon="-64.9589260000003"><ele>1397.688</ele><time>2025-04-20T01:43:18Z</time></trkpt><trkpt lat="-31.904660000000003" lon="-64.9589610000003"><ele>1396.976</ele><time>2025-04-20T01:43:26Z</time></trkpt><trkpt lat="-31.904638000000002" lon="-64.9590210000003"><ele>1395.365</ele><time>2025-04-20T01:43:36Z</time></trkpt><trkpt lat="-31.90462" lon="-64.9590710000003"><ele>1394.095</ele><time>2025-04-20T01:43:43Z</time></trkpt><trkpt lat="-31.904613" lon="-64.95912600000031"><ele>1392.621</ele><time>2025-04-20T01:43:49Z</time></trkpt><trkpt lat="-31.904615" lon="-64.95918100000031"><ele>1391.323</ele><time>2025-04-20T01:43:57Z</time></trkpt><trkpt lat="-31.904575" lon="-64.95923900000031"><ele>1390.744</ele><time>2025-04-20T01:44:13Z</time></trkpt><trkpt lat="-31.904545000000002" lon="-64.95928400000031"><ele>1390.018</ele><time>2025-04-20T01:44:19Z</time></trkpt><trkpt lat="-31.904518000000003" lon="-64.95933200000032"><ele>1389.135</ele><time>2025-04-20T01:44:26Z</time></trkpt><trkpt lat="-31.904508000000003" lon="-64.95938400000031"><ele>1388.276</ele><time>2025-04-20T01:44:32Z</time></trkpt><trkpt lat="-31.904476000000003" lon="-64.95943400000031"><ele>1387.090</ele><time>2025-04-20T01:44:40Z</time></trkpt><trkpt lat="-31.904448000000002" lon="-64.95948700000031"><ele>1385.619</ele><time>2025-04-20T01:44:49Z</time></trkpt><trkpt lat="-31.904420000000002" lon="-64.95953700000031"><ele>1384.109</ele><time>2025-04-20T01:44:57Z</time></trkpt><trkpt lat="-31.904372000000002" lon="-64.95956500000031"><ele>1382.589</ele><time>2025-04-20T01:45:05Z</time></trkpt><trkpt lat="-31.904354" lon="-64.9596170000003"><ele>1380.847</ele><time>2025-04-20T01:45:15Z</time></trkpt><trkpt lat="-31.904317000000002" lon="-64.95965500000031"><ele>1378.986</ele><time>2025-04-20T01:45:24Z</time></trkpt><trkpt lat="-31.904277000000004" lon="-64.9596800000003"><ele>1377.226</ele><time>2025-04-20T01:45:32Z</time></trkpt><trkpt lat="-31.904199000000006" lon="-64.95978000000031"><ele>1371.792</ele><time>2025-04-20T01:46:04Z</time></trkpt><trkpt lat="-31.904164000000005" lon="-64.9598200000003"><ele>1369.394</ele><time>2025-04-20T01:46:11Z</time></trkpt><trkpt lat="-31.904126000000005" lon="-64.95985200000031"><ele>1369.215</ele><time>2025-04-20T01:46:20Z</time></trkpt><trkpt lat="-31.904104000000004" lon="-64.9598990000003"><ele>1368.219</ele><time>2025-04-20T01:46:30Z</time></trkpt><trkpt lat="-31.904057000000005" lon="-64.9599060000003"><ele>1369.236</ele><time>2025-04-20T01:46:38Z</time></trkpt><trkpt lat="-31.904049000000004" lon="-64.9599630000003"><ele>1367.419</ele><time>2025-04-20T01:46:45Z</time></trkpt><trkpt lat="-31.904017000000003" lon="-64.9600030000003"><ele>1367.009</ele><time>2025-04-20T01:46:53Z</time></trkpt><trkpt lat="-31.903990000000004" lon="-64.9600500000003"><ele>1367.919</ele><time>2025-04-20T01:47:01Z</time></trkpt><trkpt lat="-31.903968000000003" lon="-64.9601000000003"><ele>1368.609</ele><time>2025-04-20T01:47:12Z</time></trkpt><trkpt lat="-31.903968000000003" lon="-64.9601550000003"><ele>1368.733</ele><time>2025-04-20T01:47:19Z</time></trkpt><trkpt lat="-31.903933000000002" lon="-64.9601950000003"><ele>1369.671</ele><time>2025-04-20T01:47:27Z</time></trkpt><trkpt lat="-31.903875000000003" lon="-64.9602530000003"><ele>1370.950</ele><time>2025-04-20T01:47:52Z</time></trkpt><trkpt lat="-31.903853" lon="-64.96030600000029"><ele>1371.410</ele><time>2025-04-20T01:47:59Z</time></trkpt><trkpt lat="-31.903855" lon="-64.96036400000028"><ele>1371.326</ele><time>2025-04-20T01:48:04Z</time></trkpt><trkpt lat="-31.903838" lon="-64.96041700000028"><ele>1371.618</ele><time>2025-04-20T01:48:12Z</time></trkpt><trkpt lat="-31.903815" lon="-64.96046500000028"><ele>1372.039</ele><time>2025-04-20T01:48:22Z</time></trkpt><trkpt lat="-31.903805000000002" lon="-64.96051800000028"><ele>1372.043</ele><time>2025-04-20T01:48:29Z</time></trkpt><trkpt lat="-31.903787" lon="-64.96057100000027"><ele>1372.210</ele><time>2025-04-20T01:48:37Z</time></trkpt><trkpt lat="-31.903764000000002" lon="-64.96062400000027"><ele>1372.469</ele><time>2025-04-20T01:48:44Z</time></trkpt><trkpt lat="-31.903737000000003" lon="-64.96066700000027"><ele>1372.504</ele><time>2025-04-20T01:48:50Z</time></trkpt><trkpt lat="-31.903715000000002" lon="-64.96071500000028"><ele>1372.624</ele><time>2025-04-20T01:48:55Z</time></trkpt><trkpt lat="-31.903678000000003" lon="-64.96075200000028"><ele>1372.709</ele><time>2025-04-20T01:49:02Z</time></trkpt><trkpt lat="-31.903646000000002" lon="-64.96079200000028"><ele>1372.778</ele><time>2025-04-20T01:49:08Z</time></trkpt><trkpt lat="-31.903621" lon="-64.96084700000029"><ele>1372.346</ele><time>2025-04-20T01:49:15Z</time></trkpt><trkpt lat="-31.903578" lon="-64.96088500000029"><ele>1371.675</ele><time>2025-04-20T01:49:22Z</time></trkpt><trkpt lat="-31.903548" lon="-64.96093200000028"><ele>1370.685</ele><time>2025-04-20T01:49:29Z</time></trkpt><trkpt lat="-31.903513" lon="-64.96097700000028"><ele>1369.831</ele><time>2025-04-20T01:49:37Z</time></trkpt><trkpt lat="-31.903476" lon="-64.96100900000029"><ele>1369.383</ele><time>2025-04-20T01:49:44Z</time></trkpt><trkpt lat="-31.903446000000002" lon="-64.96105600000028"><ele>1368.514</ele><time>2025-04-20T01:49:51Z</time></trkpt><trkpt lat="-31.903389" lon="-64.96116100000029"><ele>1366.798</ele><time>2025-04-20T01:50:31Z</time></trkpt><trkpt lat="-31.903369" lon="-64.96121100000029"><ele>1365.975</ele><time>2025-04-20T01:50:41Z</time></trkpt><trkpt lat="-31.903359000000002" lon="-64.96127800000029"><ele>1364.657</ele><time>2025-04-20T01:51:01Z</time></trkpt><trkpt lat="-31.903322000000003" lon="-64.9613150000003"><ele>1364.500</ele><time>2025-04-20T01:51:07Z</time></trkpt><trkpt lat="-31.903274000000003" lon="-64.9613280000003"><ele>1365.720</ele><time>2025-04-20T01:51:16Z</time></trkpt><trkpt lat="-31.903242000000002" lon="-64.96137000000029"><ele>1365.809</ele><time>2025-04-20T01:51:23Z</time></trkpt><trkpt lat="-31.903209000000004" lon="-64.9614180000003"><ele>1365.987</ele><time>2025-04-20T01:51:31Z</time></trkpt><trkpt lat="-31.903167000000003" lon="-64.9614460000003"><ele>1366.685</ele><time>2025-04-20T01:51:35Z</time></trkpt><trkpt lat="-31.903120000000005" lon="-64.9614730000003"><ele>1367.644</ele><time>2025-04-20T01:51:40Z</time></trkpt><trkpt lat="-31.903103000000005" lon="-64.9615230000003"><ele>1367.294</ele><time>2025-04-20T01:51:47Z</time></trkpt><trkpt lat="-31.903031000000006" lon="-64.9615430000003"><ele>1369.070</ele><time>2025-04-20T01:54:06Z</time></trkpt><trkpt lat="-31.902984000000007" lon="-64.96154600000031"><ele>1370.592</ele><time>2025-04-20T01:54:12Z</time></trkpt><trkpt lat="-31.90294400000001" lon="-64.9615880000003"><ele>1371.083</ele><time>2025-04-20T01:54:20Z</time></trkpt><trkpt lat="-31.902902000000008" lon="-64.96161500000031"><ele>1371.937</ele><time>2025-04-20T01:54:31Z</time></trkpt><trkpt lat="-31.902864000000008" lon="-64.96164800000031"><ele>1372.544</ele><time>2025-04-20T01:54:39Z</time></trkpt><trkpt lat="-31.90285100000001" lon="-64.96170300000031"><ele>1371.666</ele><time>2025-04-20T01:54:45Z</time></trkpt><trkpt lat="-31.902836000000008" lon="-64.96176300000032"><ele>1370.329</ele><time>2025-04-20T01:55:05Z</time></trkpt><trkpt lat="-31.902818000000007" lon="-64.96181600000031"><ele>1369.421</ele><time>2025-04-20T01:55:11Z</time></trkpt><trkpt lat="-31.902791000000008" lon="-64.9618630000003"><ele>1369.009</ele><time>2025-04-20T01:55:23Z</time></trkpt><trkpt lat="-31.902769000000006" lon="-64.9619100000003"><ele>1368.518</ele><time>2025-04-20T01:55:30Z</time></trkpt><trkpt lat="-31.902722000000008" lon="-64.9619630000003"><ele>1368.766</ele><time>2025-04-20T01:55:51Z</time></trkpt><trkpt lat="-31.902710000000006" lon="-64.9620250000003"><ele>1367.545</ele><time>2025-04-20T01:56:00Z</time></trkpt><trkpt lat="-31.902732000000007" lon="-64.9621080000003"><ele>1364.485</ele><time>2025-04-20T01:56:19Z</time></trkpt><trkpt lat="-31.902759000000007" lon="-64.9622010000003"><ele>1360.891</ele><time>2025-04-20T01:56:37Z</time></trkpt><trkpt lat="-31.902792000000005" lon="-64.9622410000003"><ele>1358.333</ele><time>2025-04-20T01:56:45Z</time></trkpt><trkpt lat="-31.902805000000004" lon="-64.9622940000003"><ele>1356.334</ele><time>2025-04-20T01:56:59Z</time></trkpt><trkpt lat="-31.902792000000005" lon="-64.9623510000003"><ele>1355.238</ele><time>2025-04-20T01:57:10Z</time></trkpt><trkpt lat="-31.902805000000004" lon="-64.9624230000003"><ele>1352.685</ele><time>2025-04-20T01:57:33Z</time></trkpt><trkpt lat="-31.902730000000005" lon="-64.9625080000003"><ele>1353.575</ele><time>2025-04-20T01:57:59Z</time></trkpt><trkpt lat="-31.902708000000004" lon="-64.9625660000003"><ele>1352.628</ele><time>2025-04-20T01:58:13Z</time></trkpt><trkpt lat="-31.902661000000005" lon="-64.9626430000003"><ele>1352.120</ele><time>2025-04-20T01:58:33Z</time></trkpt><trkpt lat="-31.902646000000004" lon="-64.9626980000003"><ele>1350.909</ele><time>2025-04-20T01:58:45Z</time></trkpt><trkpt lat="-31.902638000000003" lon="-64.9627530000003"><ele>1349.479</ele><time>2025-04-20T01:59:09Z</time></trkpt><trkpt lat="-31.902623000000002" lon="-64.9628110000003"><ele>1348.117</ele><time>2025-04-20T01:59:21Z</time></trkpt><trkpt lat="-31.902611" lon="-64.9628940000003"><ele>1345.896</ele><time>2025-04-20T01:59:38Z</time></trkpt><trkpt lat="-31.902659" lon="-64.9629170000003"><ele>1343.126</ele><time>2025-04-20T01:59:55Z</time></trkpt><trkpt lat="-31.902702" lon="-64.9629420000003"><ele>1340.692</ele><time>2025-04-20T02:00:04Z</time></trkpt><trkpt lat="-31.902755000000003" lon="-64.9630350000003"><ele>1335.454</ele><time>2025-04-20T02:00:43Z</time></trkpt><trkpt lat="-31.902727000000002" lon="-64.96307800000031"><ele>1335.195</ele><time>2025-04-20T02:00:55Z</time></trkpt><trkpt lat="-31.902712" lon="-64.96317300000031"><ele>1332.629</ele><time>2025-04-20T02:01:18Z</time></trkpt><trkpt lat="-31.902755000000003" lon="-64.96319100000031"><ele>1330.436</ele><time>2025-04-20T02:01:30Z</time></trkpt><trkpt lat="-31.902793000000003" lon="-64.96322900000031"><ele>1327.892</ele><time>2025-04-20T02:01:38Z</time></trkpt><trkpt lat="-31.902841000000002" lon="-64.96324700000031"><ele>1325.473</ele><time>2025-04-20T02:01:54Z</time></trkpt><trkpt lat="-31.902859000000003" lon="-64.96330200000031"><ele>1323.120</ele><time>2025-04-20T02:02:08Z</time></trkpt><trkpt lat="-31.902832000000004" lon="-64.96335000000032"><ele>1322.609</ele><time>2025-04-20T02:02:16Z</time></trkpt><trkpt lat="-31.902774000000004" lon="-64.96343800000032"><ele>1322.651</ele><time>2025-04-20T02:02:41Z</time></trkpt><trkpt lat="-31.902759000000003" lon="-64.96350000000032"><ele>1321.679</ele><time>2025-04-20T02:02:58Z</time></trkpt><trkpt lat="-31.902724000000003" lon="-64.96353300000033"><ele>1322.098</ele><time>2025-04-20T02:03:10Z</time></trkpt><trkpt lat="-31.902694000000004" lon="-64.96357600000033"><ele>1321.958</ele><time>2025-04-20T02:03:20Z</time></trkpt><trkpt lat="-31.902686000000003" lon="-64.96367100000033"><ele>1319.814</ele><time>2025-04-20T02:03:37Z</time></trkpt><trkpt lat="-31.902678" lon="-64.96379800000034"><ele>1316.926</ele><time>2025-04-20T02:04:11Z</time></trkpt><trkpt lat="-31.902643" lon="-64.96388000000034"><ele>1316.037</ele><time>2025-04-20T02:04:31Z</time></trkpt><trkpt lat="-31.902648000000003" lon="-64.96393300000034"><ele>1314.521</ele><time>2025-04-20T02:04:39Z</time></trkpt><trkpt lat="-31.902678" lon="-64.96397300000034"><ele>1312.588</ele><time>2025-04-20T02:04:47Z</time></trkpt><trkpt lat="-31.902706000000002" lon="-64.96401500000033"><ele>1310.695</ele><time>2025-04-20T02:04:58Z</time></trkpt><trkpt lat="-31.902691" lon="-64.96409500000033"><ele>1309.149</ele><time>2025-04-20T02:05:15Z</time></trkpt><trkpt lat="-31.902673" lon="-64.96418700000032"><ele>1307.323</ele><time>2025-04-20T02:05:36Z</time></trkpt><trkpt lat="-31.902696" lon="-64.96423400000032"><ele>1305.609</ele><time>2025-04-20T02:05:45Z</time></trkpt><trkpt lat="-31.902699" lon="-64.96428700000031"><ele>1304.311</ele><time>2025-04-20T02:05:53Z</time></trkpt><trkpt lat="-31.902711" lon="-64.96434200000031"><ele>1302.759</ele><time>2025-04-20T02:06:05Z</time></trkpt><trkpt lat="-31.902699" lon="-64.96439500000031"><ele>1301.828</ele><time>2025-04-20T02:06:16Z</time></trkpt><trkpt lat="-31.902707" lon="-64.9644520000003"><ele>1300.398</ele><time>2025-04-20T02:06:24Z</time></trkpt><trkpt lat="-31.90271" lon="-64.96450700000031"><ele>1299.094</ele><time>2025-04-20T02:06:32Z</time></trkpt><trkpt lat="-31.902717" lon="-64.9645650000003"><ele>1297.596</ele><time>2025-04-20T02:06:41Z</time></trkpt><trkpt lat="-31.902722" lon="-64.9646220000003"><ele>1296.127</ele><time>2025-04-20T02:06:48Z</time></trkpt><trkpt lat="-31.902737000000002" lon="-64.9646850000003"><ele>1294.441</ele><time>2025-04-20T02:06:57Z</time></trkpt><trkpt lat="-31.902759000000003" lon="-64.9647350000003"><ele>1292.928</ele><time>2025-04-20T02:07:07Z</time></trkpt><trkpt lat="-31.902794000000004" lon="-64.9647730000003"><ele>1291.665</ele><time>2025-04-20T02:07:13Z</time></trkpt><trkpt lat="-31.902792000000005" lon="-64.9648530000003"><ele>1289.968</ele><time>2025-04-20T02:07:31Z</time></trkpt><trkpt lat="-31.902764000000005" lon="-64.9648950000003"><ele>1289.414</ele><time>2025-04-20T02:07:43Z</time></trkpt><trkpt lat="-31.902732000000004" lon="-64.9649630000003"><ele>1288.309</ele><time>2025-04-20T02:07:58Z</time></trkpt><trkpt lat="-31.902697000000003" lon="-64.9650010000003"><ele>1287.838</ele><time>2025-04-20T02:08:06Z</time></trkpt><trkpt lat="-31.902664000000005" lon="-64.9650390000003"><ele>1286.656</ele><time>2025-04-20T02:08:19Z</time></trkpt><trkpt lat="-31.902632000000004" lon="-64.9650790000003"><ele>1285.375</ele><time>2025-04-20T02:08:29Z</time></trkpt><trkpt lat="-31.902585000000006" lon="-64.9651060000003"><ele>1284.725</ele><time>2025-04-20T02:08:40Z</time></trkpt><trkpt lat="-31.902568000000006" lon="-64.9651590000003"><ele>1282.741</ele><time>2025-04-20T02:08:50Z</time></trkpt><trkpt lat="-31.902515000000005" lon="-64.9652710000003"><ele>1278.813</ele><time>2025-04-20T02:10:04Z</time></trkpt><trkpt lat="-31.902500000000003" lon="-64.9653290000003"><ele>1276.644</ele><time>2025-04-20T02:10:10Z</time></trkpt><trkpt lat="-31.902470000000005" lon="-64.96537100000029"><ele>1275.838</ele><time>2025-04-20T02:10:16Z</time></trkpt><trkpt lat="-31.902473000000004" lon="-64.96542900000028"><ele>1273.395</ele><time>2025-04-20T02:10:22Z</time></trkpt><trkpt lat="-31.902466000000004" lon="-64.96548400000029"><ele>1271.369</ele><time>2025-04-20T02:10:29Z</time></trkpt><trkpt lat="-31.902463000000004" lon="-64.96554200000028"><ele>1269.104</ele><time>2025-04-20T02:10:36Z</time></trkpt><trkpt lat="-31.902436000000005" lon="-64.96558900000028"><ele>1268.124</ele><time>2025-04-20T02:10:45Z</time></trkpt><trkpt lat="-31.902406000000006" lon="-64.96563600000027"><ele>1267.309</ele><time>2025-04-20T02:10:56Z</time></trkpt><trkpt lat="-31.902406000000006" lon="-64.96569100000028"><ele>1265.158</ele><time>2025-04-20T02:11:02Z</time></trkpt><trkpt lat="-31.902403000000007" lon="-64.96574400000027"><ele>1263.156</ele><time>2025-04-20T02:11:12Z</time></trkpt><trkpt lat="-31.902393000000007" lon="-64.96579600000027"><ele>1261.465</ele><time>2025-04-20T02:11:22Z</time></trkpt><trkpt lat="-31.902385000000006" lon="-64.96585300000027"><ele>1260.065</ele><time>2025-04-20T02:11:29Z</time></trkpt><trkpt lat="-31.902378000000006" lon="-64.96591300000027"><ele>1259.541</ele><time>2025-04-20T02:11:36Z</time></trkpt><trkpt lat="-31.902390000000008" lon="-64.96596600000026"><ele>1258.323</ele><time>2025-04-20T02:11:44Z</time></trkpt><trkpt lat="-31.902373000000008" lon="-64.96602300000026"><ele>1258.264</ele><time>2025-04-20T02:11:54Z</time></trkpt><trkpt lat="-31.902366000000008" lon="-64.96607600000026"><ele>1257.748</ele><time>2025-04-20T02:12:00Z</time></trkpt><trkpt lat="-31.902354000000006" lon="-64.96613900000025"><ele>1257.375</ele><time>2025-04-20T02:12:07Z</time></trkpt><trkpt lat="-31.902352000000008" lon="-64.96619200000025"><ele>1256.632</ele><time>2025-04-20T02:12:17Z</time></trkpt><trkpt lat="-31.902349000000008" lon="-64.96626200000024"><ele>1255.892</ele><time>2025-04-20T02:12:26Z</time></trkpt><trkpt lat="-31.902366000000008" lon="-64.96631200000024"><ele>1254.511</ele><time>2025-04-20T02:12:38Z</time></trkpt><trkpt lat="-31.90239100000001" lon="-64.96636400000024"><ele>1252.909</ele><time>2025-04-20T02:12:48Z</time></trkpt><trkpt lat="-31.902418000000008" lon="-64.96645100000023"><ele>1250.855</ele><time>2025-04-20T02:13:14Z</time></trkpt><trkpt lat="-31.90244000000001" lon="-64.96649800000023"><ele>1249.323</ele><time>2025-04-20T02:13:32Z</time></trkpt><trkpt lat="-31.90247500000001" lon="-64.96653800000023"><ele>1247.652</ele><time>2025-04-20T02:13:40Z</time></trkpt><trkpt lat="-31.90252000000001" lon="-64.96655600000022"><ele>1245.952</ele><time>2025-04-20T02:13:48Z</time></trkpt><trkpt lat="-31.90257500000001" lon="-64.96655400000023"><ele>1244.268</ele><time>2025-04-20T02:13:53Z</time></trkpt><trkpt lat="-31.90257300000001" lon="-64.96663700000023"><ele>1243.160</ele><time>2025-04-20T02:14:24Z</time></trkpt><trkpt lat="-31.90253500000001" lon="-64.96667500000024"><ele>1243.661</ele><time>2025-04-20T02:14:37Z</time></trkpt><trkpt lat="-31.90247500000001" lon="-64.96667700000023"><ele>1245.525</ele><time>2025-04-20T02:14:59Z</time></trkpt><trkpt lat="-31.90244200000001" lon="-64.96672000000024"><ele>1245.312</ele><time>2025-04-20T02:15:19Z</time></trkpt><trkpt lat="-31.902415000000012" lon="-64.96676300000024"><ele>1244.842</ele><time>2025-04-20T02:15:25Z</time></trkpt><trkpt lat="-31.902412000000012" lon="-64.96685600000025"><ele>1241.922</ele><time>2025-04-20T02:15:42Z</time></trkpt><trkpt lat="-31.902364000000013" lon="-64.96689100000025"><ele>1242.314</ele><time>2025-04-20T02:15:56Z</time></trkpt><trkpt lat="-31.902357000000013" lon="-64.96699400000024"><ele>1239.209</ele><time>2025-04-20T02:16:21Z</time></trkpt><trkpt lat="-31.90229000000001" lon="-64.96703600000023"><ele>1240.096</ele><time>2025-04-20T02:16:39Z</time></trkpt><trkpt lat="-31.902243000000013" lon="-64.96702100000023"><ele>1242.164</ele><time>2025-04-20T02:16:49Z</time></trkpt><trkpt lat="-31.90219300000001" lon="-64.96700300000023"><ele>1244.323</ele><time>2025-04-20T02:17:00Z</time></trkpt><trkpt lat="-31.90207600000001" lon="-64.96704500000023"><ele>1246.893</ele><time>2025-04-20T02:17:20Z</time></trkpt><trkpt lat="-31.901891000000013" lon="-64.96711800000023"><ele>1250.499</ele><time>2025-04-20T02:18:14Z</time></trkpt><trkpt lat="-31.901919000000014" lon="-64.96717000000022"><ele>1247.611</ele><time>2025-04-20T02:18:25Z</time></trkpt><trkpt lat="-31.901871000000014" lon="-64.96720700000023"><ele>1247.982</ele><time>2025-04-20T02:18:51Z</time></trkpt><trkpt lat="-31.901823000000014" lon="-64.96719900000024"><ele>1249.826</ele><time>2025-04-20T02:19:16Z</time></trkpt><trkpt lat="-31.901778000000014" lon="-64.96731400000023"><ele>1247.133</ele><time>2025-04-20T02:19:46Z</time></trkpt><trkpt lat="-31.901711000000013" lon="-64.96739200000023"><ele>1246.568</ele><time>2025-04-20T02:20:32Z</time></trkpt><trkpt lat="-31.901629000000014" lon="-64.96739500000024"><ele>1247.842</ele><time>2025-04-20T02:20:57Z</time></trkpt><trkpt lat="-31.901589000000016" lon="-64.96745200000024"><ele>1245.826</ele><time>2025-04-20T02:21:09Z</time></trkpt><trkpt lat="-31.901534000000016" lon="-64.96754400000023"><ele>1242.009</ele><time>2025-04-20T02:21:49Z</time></trkpt><trkpt lat="-31.901571000000015" lon="-64.96759400000023"><ele>1239.588</ele><time>2025-04-20T02:21:56Z</time></trkpt><trkpt lat="-31.901596000000016" lon="-64.96769100000023"><ele>1234.686</ele><time>2025-04-20T02:22:15Z</time></trkpt><trkpt lat="-31.901771000000014" lon="-64.96785400000023"><ele>1223.585</ele><time>2025-04-20T02:23:15Z</time></trkpt><trkpt lat="-31.901796000000015" lon="-64.96790100000023"><ele>1220.755</ele><time>2025-04-20T02:23:29Z</time></trkpt><trkpt lat="-31.901824000000016" lon="-64.96794900000023"><ele>1217.781</ele><time>2025-04-20T02:23:45Z</time></trkpt><trkpt lat="-31.901832000000017" lon="-64.96800400000024"><ele>1214.953</ele><time>2025-04-20T02:23:59Z</time></trkpt><trkpt lat="-31.901865000000015" lon="-64.96807200000023"><ele>1210.934</ele><time>2025-04-20T02:24:11Z</time></trkpt><trkpt lat="-31.901980000000016" lon="-64.96821700000024"><ele>1202.058</ele><time>2025-04-20T02:24:53Z</time></trkpt><trkpt lat="-31.901995000000017" lon="-64.96828500000024"><ele>1198.675</ele><time>2025-04-20T02:25:24Z</time></trkpt><trkpt lat="-31.90204500000002" lon="-64.96834200000023"><ele>1195.558</ele><time>2025-04-20T02:25:38Z</time></trkpt><trkpt lat="-31.90207300000002" lon="-64.96838500000024"><ele>1194.052</ele><time>2025-04-20T02:25:58Z</time></trkpt><trkpt lat="-31.90267100000002" lon="-64.96839500000024"><ele>1187.617</ele><time>2025-04-20T02:29:02Z</time></trkpt><trkpt lat="-31.90275800000002" lon="-64.96844800000024"><ele>1187.309</ele><time>2025-04-20T02:29:22Z</time></trkpt><trkpt lat="-31.90284500000002" lon="-64.96852800000023"><ele>1187.077</ele><time>2025-04-20T02:29:56Z</time></trkpt><trkpt lat="-31.90295500000002" lon="-64.96850000000023"><ele>1187.765</ele><time>2025-04-20T02:30:36Z</time></trkpt><trkpt lat="-31.90290200000002" lon="-64.96854500000023"><ele>1187.254</ele><time>2025-04-20T02:30:52Z</time></trkpt><trkpt lat="-31.90296500000002" lon="-64.96859700000023"><ele>1187.234</ele><time>2025-04-20T02:31:20Z</time></trkpt><trkpt lat="-31.90308000000002" lon="-64.96869000000024"><ele>1187.650</ele><time>2025-04-20T02:31:56Z</time></trkpt><trkpt lat="-31.90308200000002" lon="-64.96874700000023"><ele>1187.422</ele><time>2025-04-20T02:32:04Z</time></trkpt><trkpt lat="-31.90308000000002" lon="-64.96880200000024"><ele>1187.233</ele><time>2025-04-20T02:32:12Z</time></trkpt><trkpt lat="-31.90313300000002" lon="-64.96889900000023"><ele>1187.567</ele><time>2025-04-20T02:32:42Z</time></trkpt><trkpt lat="-31.903155000000023" lon="-64.96896700000023"><ele>1187.674</ele><time>2025-04-20T02:34:35Z</time></trkpt><trkpt lat="-31.903203000000023" lon="-64.96907400000023"><ele>1188.116</ele><time>2025-04-20T02:34:53Z</time></trkpt><trkpt lat="-31.903161000000022" lon="-64.96904700000023"><ele>1187.576</ele><time>2025-04-20T02:35:20Z</time></trkpt><trkpt lat="-31.903173000000024" lon="-64.96911000000023"><ele>1187.613</ele><time>2025-04-20T02:35:29Z</time></trkpt><trkpt lat="-31.903176000000023" lon="-64.96920200000022"><ele>1188.109</ele><time>2025-04-20T02:35:50Z</time></trkpt><trkpt lat="-31.903181000000025" lon="-64.96925700000023"><ele>1189.153</ele><time>2025-04-20T02:35:59Z</time></trkpt><trkpt lat="-31.903139000000024" lon="-64.96930200000023"><ele>1189.131</ele><time>2025-04-20T02:36:14Z</time></trkpt><trkpt lat="-31.903129000000025" lon="-64.96940000000022"><ele>1190.470</ele><time>2025-04-20T02:36:25Z</time></trkpt><trkpt lat="-31.903142000000024" lon="-64.96945200000022"><ele>1191.490</ele><time>2025-04-20T02:36:32Z</time></trkpt><trkpt lat="-31.903170000000024" lon="-64.96949900000021"><ele>1192.746</ele><time>2025-04-20T02:36:42Z</time></trkpt><trkpt lat="-31.903115000000025" lon="-64.96955700000021"><ele>1192.538</ele><time>2025-04-20T02:36:57Z</time></trkpt><trkpt lat="-31.903083000000024" lon="-64.96963400000021"><ele>1193.059</ele><time>2025-04-20T02:37:15Z</time></trkpt><trkpt lat="-31.903066000000024" lon="-64.96968900000022"><ele>1193.443</ele><time>2025-04-20T02:37:24Z</time></trkpt><trkpt lat="-31.903038000000024" lon="-64.96974700000021"><ele>1193.680</ele><time>2025-04-20T02:37:31Z</time></trkpt><trkpt lat="-31.902981000000022" lon="-64.96981500000021"><ele>1193.258</ele><time>2025-04-20T02:37:46Z</time></trkpt><trkpt lat="-31.90295300000002" lon="-64.9698680000002"><ele>1193.252</ele><time>2025-04-20T02:37:55Z</time></trkpt><trkpt lat="-31.902933000000022" lon="-64.97006300000021"><ele>1196.117</ele><time>2025-04-20T02:38:15Z</time></trkpt><trkpt lat="-31.90286600000002" lon="-64.97013600000021"><ele>1196.109</ele><time>2025-04-20T02:38:27Z</time></trkpt><trkpt lat="-31.902833000000022" lon="-64.9701780000002"><ele>1196.347</ele><time>2025-04-20T02:38:33Z</time></trkpt><trkpt lat="-31.902753000000022" lon="-64.9703680000002"><ele>1198.935</ele><time>2025-04-20T02:38:59Z</time></trkpt><trkpt lat="-31.902743000000022" lon="-64.9704380000002"><ele>1200.464</ele><time>2025-04-20T02:39:07Z</time></trkpt><trkpt lat="-31.902733000000023" lon="-64.9704930000002"><ele>1201.544</ele><time>2025-04-20T02:39:12Z</time></trkpt><trkpt lat="-31.902716000000023" lon="-64.9705510000002"><ele>1202.490</ele><time>2025-04-20T02:39:16Z</time></trkpt><trkpt lat="-31.902613000000024" lon="-64.9707810000002"><ele>1205.132</ele><time>2025-04-20T02:39:48Z</time></trkpt><trkpt lat="-31.902491000000023" lon="-64.9709310000002"><ele>1203.043</ele><time>2025-04-20T02:40:21Z</time></trkpt><trkpt lat="-31.90243100000002" lon="-64.97095800000021"><ele>1200.267</ele><time>2025-04-20T02:40:27Z</time></trkpt><trkpt lat="-31.902404000000022" lon="-64.97101800000021"><ele>1199.214</ele><time>2025-04-20T02:40:34Z</time></trkpt><trkpt lat="-31.90238200000002" lon="-64.97112600000021"><ele>1198.655</ele><time>2025-04-20T02:40:56Z</time></trkpt><trkpt lat="-31.90227500000002" lon="-64.97110300000021"><ele>1193.207</ele><time>2025-04-20T02:41:20Z</time></trkpt><trkpt lat="-31.90216000000002" lon="-64.97118800000021"><ele>1187.917</ele><time>2025-04-20T02:41:38Z</time></trkpt><trkpt lat="-31.90215800000002" lon="-64.97124500000021"><ele>1188.009</ele><time>2025-04-20T02:41:47Z</time></trkpt><trkpt lat="-31.90211600000002" lon="-64.9712920000002"><ele>1186.097</ele><time>2025-04-20T02:41:54Z</time></trkpt><trkpt lat="-31.90196300000002" lon="-64.97147500000021"><ele>1178.875</ele><time>2025-04-20T02:42:27Z</time></trkpt><trkpt lat="-31.90193100000002" lon="-64.9715170000002"><ele>1177.324</ele><time>2025-04-20T02:42:35Z</time></trkpt><trkpt lat="-31.901913000000018" lon="-64.9715840000002"><ele>1176.594</ele><time>2025-04-20T02:42:41Z</time></trkpt><trkpt lat="-31.901895000000017" lon="-64.9716360000002"><ele>1175.780</ele><time>2025-04-20T02:42:47Z</time></trkpt><trkpt lat="-31.901883000000016" lon="-64.9716910000002"><ele>1175.222</ele><time>2025-04-20T02:42:55Z</time></trkpt><trkpt lat="-31.901873000000016" lon="-64.97174600000021"><ele>1174.893</ele><time>2025-04-20T02:43:01Z</time></trkpt><trkpt lat="-31.901898000000017" lon="-64.97190400000021"><ele>1176.367</ele><time>2025-04-20T02:43:19Z</time></trkpt><trkpt lat="-31.901883000000016" lon="-64.9719570000002"><ele>1175.774</ele><time>2025-04-20T02:43:30Z</time></trkpt><trkpt lat="-31.901896000000015" lon="-64.9720120000002"><ele>1176.478</ele><time>2025-04-20T02:43:34Z</time></trkpt><trkpt lat="-31.901901000000016" lon="-64.9720650000002"><ele>1176.733</ele><time>2025-04-20T02:43:39Z</time></trkpt><trkpt lat="-31.901913000000018" lon="-64.9721300000002"><ele>1177.326</ele><time>2025-04-20T02:43:49Z</time></trkpt><trkpt lat="-31.90189000000002" lon="-64.9721820000002"><ele>1176.309</ele><time>2025-04-20T02:44:00Z</time></trkpt><trkpt lat="-31.90189500000002" lon="-64.9722370000002"><ele>1176.679</ele><time>2025-04-20T02:44:10Z</time></trkpt><trkpt lat="-31.90188000000002" lon="-64.97230200000021"><ele>1176.187</ele><time>2025-04-20T02:44:23Z</time></trkpt><trkpt lat="-31.90186500000002" lon="-64.97238200000021"><ele>1175.666</ele><time>2025-04-20T02:44:36Z</time></trkpt><trkpt lat="-31.90185500000002" lon="-64.97243700000021"><ele>1175.316</ele><time>2025-04-20T02:44:45Z</time></trkpt><trkpt lat="-31.90184200000002" lon="-64.97249400000021"><ele>1174.932</ele><time>2025-04-20T02:44:52Z</time></trkpt><trkpt lat="-31.90184700000002" lon="-64.9725520000002"><ele>1174.874</ele><time>2025-04-20T02:45:00Z</time></trkpt><trkpt lat="-31.901855000000022" lon="-64.9726050000002"><ele>1174.785</ele><time>2025-04-20T02:45:08Z</time></trkpt><trkpt lat="-31.901862000000023" lon="-64.9726600000002"><ele>1174.679</ele><time>2025-04-20T02:45:17Z</time></trkpt><trkpt lat="-31.901884000000024" lon="-64.9727900000002"><ele>1174.526</ele><time>2025-04-20T02:46:07Z</time></trkpt><trkpt lat="-31.901806000000025" lon="-64.9729580000002"><ele>1170.685</ele><time>2025-04-20T02:46:42Z</time></trkpt><trkpt lat="-31.901779000000026" lon="-64.9730810000002"><ele>1168.989</ele><time>2025-04-20T02:46:55Z</time></trkpt><trkpt lat="-31.901764000000025" lon="-64.9731390000002"><ele>1168.117</ele><time>2025-04-20T02:47:04Z</time></trkpt><trkpt lat="-31.901706000000026" lon="-64.9732620000002"><ele>1165.609</ele><time>2025-04-20T02:47:26Z</time></trkpt><trkpt lat="-31.901706000000026" lon="-64.9733300000002"><ele>1165.290</ele><time>2025-04-20T02:47:34Z</time></trkpt><trkpt lat="-31.901663000000024" lon="-64.97337300000021"><ele>1163.338</ele><time>2025-04-20T02:47:41Z</time></trkpt><trkpt lat="-31.901531000000023" lon="-64.9735030000002"><ele>1157.897</ele><time>2025-04-20T02:48:13Z</time></trkpt><trkpt lat="-31.901508000000025" lon="-64.97355100000021"><ele>1156.587</ele><time>2025-04-20T02:48:22Z</time></trkpt><trkpt lat="-31.901498000000025" lon="-64.97364100000021"><ele>1155.163</ele><time>2025-04-20T02:48:36Z</time></trkpt><trkpt lat="-31.901528000000024" lon="-64.97371400000021"><ele>1154.935</ele><time>2025-04-20T02:48:51Z</time></trkpt><trkpt lat="-31.901513000000023" lon="-64.97376900000022"><ele>1153.896</ele><time>2025-04-20T02:48:57Z</time></trkpt><trkpt lat="-31.901531000000023" lon="-64.97382200000021"><ele>1153.550</ele><time>2025-04-20T02:49:06Z</time></trkpt><trkpt lat="-31.901521000000024" lon="-64.97389900000022"><ele>1152.327</ele><time>2025-04-20T02:49:20Z</time></trkpt><trkpt lat="-31.901523000000022" lon="-64.97397400000021"><ele>1151.379</ele><time>2025-04-20T02:49:32Z</time></trkpt><trkpt lat="-31.901376000000024" lon="-64.97417600000021"><ele>1145.205</ele><time>2025-04-20T02:50:43Z</time></trkpt><trkpt lat="-31.901393000000024" lon="-64.97422900000021"><ele>1144.525</ele><time>2025-04-20T02:50:53Z</time></trkpt><trkpt lat="-31.901428000000024" lon="-64.97426600000021"><ele>1144.509</ele><time>2025-04-20T02:51:00Z</time></trkpt><trkpt lat="-31.901471000000026" lon="-64.9742910000002"><ele>1144.919</ele><time>2025-04-20T02:51:07Z</time></trkpt><trkpt lat="-31.901488000000025" lon="-64.9743430000002"><ele>1144.287</ele><time>2025-04-20T02:51:14Z</time></trkpt><trkpt lat="-31.901491000000025" lon="-64.97440300000021"><ele>1143.076</ele><time>2025-04-20T02:51:23Z</time></trkpt><trkpt lat="-31.901498000000025" lon="-64.9744560000002"><ele>1142.036</ele><time>2025-04-20T02:51:31Z</time></trkpt><trkpt lat="-31.901533000000025" lon="-64.9744890000002"><ele>1142.012</ele><time>2025-04-20T02:51:41Z</time></trkpt><trkpt lat="-31.901618000000024" lon="-64.97482400000021"><ele>1136.294</ele><time>2025-04-20T02:52:48Z</time></trkpt><trkpt lat="-31.901413000000023" lon="-64.97486400000021"><ele>1131.825</ele><time>2025-04-20T02:53:49Z</time></trkpt><trkpt lat="-31.901350000000022" lon="-64.9749790000002"><ele>1128.569</ele><time>2025-04-20T02:54:14Z</time></trkpt><trkpt lat="-31.901285000000023" lon="-64.9750640000002"><ele>1125.966</ele><time>2025-04-20T02:54:51Z</time></trkpt><trkpt lat="-31.901282000000023" lon="-64.9751210000002"><ele>1124.888</ele><time>2025-04-20T02:55:00Z</time></trkpt><trkpt lat="-31.901154000000023" lon="-64.9754280000002"><ele>1118.324</ele><time>2025-04-20T02:56:20Z</time></trkpt><trkpt lat="-31.901127000000024" lon="-64.9754750000002"><ele>1117.426</ele><time>2025-04-20T02:56:29Z</time></trkpt><trkpt lat="-31.901020000000024" lon="-64.9757750000002"><ele>1112.809</ele><time>2025-04-20T02:57:16Z</time></trkpt><trkpt lat="-31.901000000000025" lon="-64.9758420000002"><ele>1111.910</ele><time>2025-04-20T02:57:27Z</time></trkpt><trkpt lat="-31.900985000000023" lon="-64.9758990000002"><ele>1111.428</ele><time>2025-04-20T02:57:33Z</time></trkpt><trkpt lat="-31.900990000000025" lon="-64.97595200000019"><ele>1111.067</ele><time>2025-04-20T02:57:40Z</time></trkpt><trkpt lat="-31.900962000000025" lon="-64.97616200000019"><ele>1109.217</ele><time>2025-04-20T02:58:19Z</time></trkpt><trkpt lat="-31.900949000000026" lon="-64.97622900000019"><ele>1108.653</ele><time>2025-04-20T02:58:28Z</time></trkpt><trkpt lat="-31.900937000000024" lon="-64.97629900000018"><ele>1108.085</ele><time>2025-04-20T02:58:38Z</time></trkpt><trkpt lat="-31.900909000000023" lon="-64.97634200000019"><ele>1107.726</ele><time>2025-04-20T02:58:45Z</time></trkpt><trkpt lat="-31.900887000000022" lon="-64.97639700000019"><ele>1107.210</ele><time>2025-04-20T02:58:51Z</time></trkpt><trkpt lat="-31.900847000000024" lon="-64.9764290000002"><ele>1107.037</ele><time>2025-04-20T02:59:00Z</time></trkpt><trkpt lat="-31.900825000000022" lon="-64.97647600000019"><ele>1106.798</ele><time>2025-04-20T02:59:08Z</time></trkpt><trkpt lat="-31.90078200000002" lon="-64.9766090000002"><ele>1105.915</ele><time>2025-04-20T02:59:28Z</time></trkpt><trkpt lat="-31.90077400000002" lon="-64.9766660000002"><ele>1105.426</ele><time>2025-04-20T02:59:34Z</time></trkpt><trkpt lat="-31.90077200000002" lon="-64.97672400000019"><ele>1104.909</ele><time>2025-04-20T02:59:39Z</time></trkpt><trkpt lat="-31.900742000000022" lon="-64.9767890000002"><ele>1104.611</ele><time>2025-04-20T02:59:46Z</time></trkpt><trkpt lat="-31.900700000000022" lon="-64.97683100000019"><ele>1104.529</ele><time>2025-04-20T02:59:53Z</time></trkpt><trkpt lat="-31.90071700000002" lon="-64.97688400000018"><ele>1103.928</ele><time>2025-04-20T02:59:57Z</time></trkpt><trkpt lat="-31.90070200000002" lon="-64.97694200000018"><ele>1103.628</ele><time>2025-04-20T03:00:03Z</time></trkpt><trkpt lat="-31.90067000000002" lon="-64.97698500000018"><ele>1103.584</ele><time>2025-04-20T03:00:09Z</time></trkpt><trkpt lat="-31.900648000000018" lon="-64.97705500000018"><ele>1103.186</ele><time>2025-04-20T03:00:15Z</time></trkpt><trkpt lat="-31.90064600000002" lon="-64.97712300000018"><ele>1102.637</ele><time>2025-04-20T03:00:22Z</time></trkpt><trkpt lat="-31.90068400000002" lon="-64.97721500000017"><ele>1101.451</ele><time>2025-04-20T03:00:33Z</time></trkpt><trkpt lat="-31.90070100000002" lon="-64.97726500000017"><ele>1100.888</ele><time>2025-04-20T03:00:39Z</time></trkpt><trkpt lat="-31.90070800000002" lon="-64.97732200000017"><ele>1100.286</ele><time>2025-04-20T03:00:45Z</time></trkpt><trkpt lat="-31.90073000000002" lon="-64.97736900000017"><ele>1099.560</ele><time>2025-04-20T03:00:56Z</time></trkpt><trkpt lat="-31.90072000000002" lon="-64.97743100000017"><ele>1099.126</ele><time>2025-04-20T03:01:05Z</time></trkpt><trkpt lat="-31.90074300000002" lon="-64.97748100000017"><ele>1098.409</ele><time>2025-04-20T03:01:13Z</time></trkpt><trkpt lat="-31.90075300000002" lon="-64.97753300000016"><ele>1098.030</ele><time>2025-04-20T03:01:19Z</time></trkpt><trkpt lat="-31.90077000000002" lon="-64.97758600000016"><ele>1097.768</ele><time>2025-04-20T03:01:28Z</time></trkpt><trkpt lat="-31.90078700000002" lon="-64.97763900000015"><ele>1097.527</ele><time>2025-04-20T03:01:35Z</time></trkpt><trkpt lat="-31.90079900000002" lon="-64.97769100000015"><ele>1097.287</ele><time>2025-04-20T03:01:40Z</time></trkpt><trkpt lat="-31.90079600000002" lon="-64.97774800000015"><ele>1097.263</ele><time>2025-04-20T03:01:48Z</time></trkpt><trkpt lat="-31.90077800000002" lon="-64.97779800000015"><ele>1097.435</ele><time>2025-04-20T03:01:55Z</time></trkpt></trkseg></trk></gpx>